cluster,PDB,column,tied_contact_types,consensus,resolved_with
HL_03333.1.csv,1GID,5-6,"['cSH', 'nbp']",cSH,contact type motif-wide consensus count
HL_04171.7.csv,5SWD,5-7,"['cSS', 'nbp']",nbp,contact type motif-wide consensus count
HL_04171.7.csv,3LA5,5-7,"['cSS', 'nbp']",nbp,contact type motif-wide consensus count
HL_04171.7.csv,3IVN,5-7,"['cSS', 'nbp']",nbp,contact type motif-wide consensus count
HL_04259.2.csv,3R9X,3-7,"['cWW', 'nbp']",nbp,contact type motif-wide consensus count
HL_04642.1.csv,8VU0,4-5,"['tWW', 'nbp']",nbp,contact type motif-wide consensus count
HL_04783.2.csv,3EPH,2-4,"['nbp', 'cWW']",nbp,contact type motif-wide consensus count
HL_05304.3.csv,7A0S,4-11,"['cWW', 'nbp']",nbp,contact type motif-wide consensus count
HL_06059.4.csv,6UFH,2-8,"['nbp', 'cWW']",nbp,contact type motif-wide consensus count
HL_06059.4.csv,3W3S,2-8,"['cWW', 'nbp']",nbp,contact type motif-wide consensus count
HL_07480.1.csv,2DU3,2-6,"['tSH', 'nbp']",tSH,contact type motif-wide consensus count
HL_10453.2.csv,7A0S,2-6,"['tSH', 'nbp']",nbp,contact type motif-wide consensus count
HL_10540.1.csv,5JEA,1-6,"['cWW', 'nbp']",nbp,contact type motif-wide consensus count
HL_19210.3.csv,6PRV,2-9,"['nbp', 'cWW']",nbp,contact type motif-wide consensus count
HL_20743.5.csv,3SKI,4-6,"['cSS', 'nbp', 'cWS']",nbp,contact type motif-wide consensus count
HL_20743.5.csv,3SKL,4-6,"['nbp', 'cSS']",nbp,contact type motif-wide consensus count
HL_20743.5.csv,1Y27,4-6,"['cSS', 'nbp']",nbp,contact type motif-wide consensus count
HL_20743.5.csv,4FEN,4-6,"['cSS', 'nbp']",nbp,contact type motif-wide consensus count
HL_20811.3.csv,6JXM,2-4,"['cWS', 'nbp']",cWS,contact type motif-wide consensus count
HL_20811.3.csv,7MRL,2-4,"['cWS', 'nbp']",cWS,contact type motif-wide consensus count
HL_20811.3.csv,7LYF,2-4,"['cWS', 'nbp']",cWS,contact type motif-wide consensus count
HL_22584.5.csv,8VMB,2-4,"['tSW', 'nbp']",tSW,contact type motif-wide consensus count
HL_22584.5.csv,8UIW,2-4,"['tSW', 'nbp']",tSW,contact type motif-wide consensus count
HL_27670.2.csv,7A0S,2-3,"['nbp', 'tWW', 'REJECT']",nbp,contact type report count
HL_28252.5.csv,4QEI,2-6,"['nbp', 'tWW']",nbp,contact type motif-wide consensus count
HL_28252.5.csv,8SP9,2-6,"['tWH', 'nbp']",tWH,contact type motif-wide consensus count
HL_30068.2.csv,4WF9,2-5,"['tSH', 'nbp']",nbp,contact type motif-wide consensus count
HL_31585.3.csv,1Y27,2-5,"['nbp', 'tWH']",nbp,contact type motif-wide consensus count
HL_31585.3.csv,4LX6,2-5,"['nbp', 'tWH']",nbp,contact type motif-wide consensus count
HL_34617.4.csv,6KYV,2-4,"['tSW', 'nbp', 'tWW']",tSW,contact type motif-wide consensus count
HL_34617.4.csv,8SP9,2-4,"['nbp', 'tSW']",tSW,contact type motif-wide consensus count
HL_34617.4.csv,5ML7,2-4,"['nbp', 'tSW']",tSW,contact type motif-wide consensus count
HL_34617.4.csv,7MLW,1-5,"['cWW', 'nbp']",cWW,contact type motif-wide consensus count
HL_35677.3.csv,7D8O,4-5,"['cSH', 'nbp']",nbp,contact type motif-wide consensus count
HL_35677.3.csv,2XDB,4-5,"['cSH', 'nbp']",nbp,contact type motif-wide consensus count
HL_35677.3.csv,2XD0,4-5,"['cSH', 'nbp']",nbp,contact type motif-wide consensus count
HL_36335.1.csv,5WLH,4-6,"['cSS', 'nbp']",cSS,contact type motif-wide consensus count
HL_37824.6.csv,3CUL,2-5,"['tSH', 'nbp']",tSH,contact type motif-wide consensus count
HL_37824.6.csv,3PDR,2-5,"['tSH', 'nbp']",tSH,contact type motif-wide consensus count
HL_37824.6.csv,3IWN,2-5,"['tSH', 'nbp']",tSH,contact type motif-wide consensus count
HL_37824.6.csv,1UN6,2-5,"['tSH', 'nbp']",tSH,contact type motif-wide consensus count
HL_37824.6.csv,7A0S,2-5,"['tSH', 'nbp']",tSH,contact type motif-wide consensus count
HL_38649.1.csv,7MLX,2-9,"['nbp', 'cWW']",nbp,contact type motif-wide consensus count
HL_38808.1.csv,2DU3,2-3,"['cWW', 'nbp']",cWW,contact type motif-wide consensus count
HL_38808.1.csv,6ZDP,2-3,"['cWW', 'nbp']",cWW,contact type motif-wide consensus count
HL_45175.1.csv,3TUP,2-5,"['cWS', 'nbp']",cWS,contact type motif-wide consensus count
HL_45785.1.csv,8FZA,7-8,"['cSH', 'nbp']",nbp,contact type report count
HL_53504.3.csv,2A64,4-7,"['nbp', 'tHW']",nbp,contact type motif-wide consensus count
HL_53504.3.csv,1NBS,3-7,"['tHW', 'nbp']",nbp,contact type motif-wide consensus count
HL_55436.1.csv,6VMY,2-9,"['nbp', 'cWH', 'cWW']",cWW,contact type motif-wide consensus count
HL_56131.2.csv,3WQY,1-4,"['cWW', 'nbp']",cWW,contact type motif-wide consensus count
HL_66103.1.csv,3SIU,2-3,"['nbp', 'tSW']",nbp,contact type motif-wide consensus count
HL_66853.7.csv,4MGN,2-6,"['cWS', 'nbp']",nbp,contact type motif-wide consensus count
HL_66853.7.csv,8S95,2-6,"['cWS', 'nbp']",nbp,contact type motif-wide consensus count
HL_67407.3.csv,5BTP,2-9,"['nbp', 'cHW']",nbp,contact type motif-wide consensus count
HL_67407.3.csv,7JRT,2-9,"['cWW', 'nbp']",nbp,contact type motif-wide consensus count
HL_73266.8.csv,6MJ0,3-7,"['cSH', 'nbp']",nbp,contact type motif-wide consensus count
HL_74055.2.csv,7A0S,5-8,"['tHW', 'nbp']",tHW,contact type motif-wide consensus count
HL_77436.4.csv,4JXZ,2-6,"['nbp', 'cWW']",nbp,contact type motif-wide consensus count
HL_78197.1.csv,6UFM,3-5,"['cSH', 'nbp', 'cWH']",nbp,contact type motif-wide consensus count
HL_80709.2.csv,5KK5,4-5,"['cWS', 'nbp']",nbp,contact type motif-wide consensus count
HL_86877.1.csv,5KTJ,8-9,"['cSH', 'nbp']",cSH,contact type motif-wide consensus count
HL_86877.1.csv,6UEY,8-9,"['cSH', 'nbp']",cSH,contact type motif-wide consensus count
HL_87553.1.csv,5H9F,3-5,"['nbp', 'cHW']",nbp,contact type motif-wide consensus count
HL_87553.1.csv,6CF2,2-6,"['nbp', 'cWW']",nbp,contact type motif-wide consensus count
HL_87553.1.csv,5H9F,2-6,"['nbp', 'cWW']",nbp,contact type motif-wide consensus count
HL_93438.2.csv,7A0S,5-7,"['cSH', 'nbp', 'cWH']",cWH,contact type report count
IL_01488.2.csv,6UFH,6-9,"['tHS', 'nbp']",tHS,contact type motif-wide consensus count
IL_01488.2.csv,1T0K,4-11,"['tSH', 'nbp']",tSH,contact type motif-wide consensus count
IL_01994.1.csv,5T83,4-7,"['tHS', 'nbp']",tHS,contact type motif-wide consensus count
IL_02555.1.csv,4WF9,2-4,"['tSH', 'nbp']",nbp,contact type motif-wide consensus count
IL_04346.10.csv,7A0S,5-6,"['cSH', 'nbp']",cSH,contact type motif-wide consensus count
IL_04638.3.csv,7A0S,4-6,"['cSH', 'nbp']",cSH,contact type motif-wide consensus count
IL_08069.1.csv,7DLZ,2-5,"['nbp', 'cWW']",cWW,contact type motif-wide consensus count
IL_09705.14.csv,4LFB,2-6,"['cWW', 'nbp']",nbp,contact type motif-wide consensus count
IL_10389.1.csv,8D29,4-7,"['cWW', 'nbp']",cWW,contact type motif-wide consensus count
IL_15052.4.csv,4LFB,4-5,"['cWW', 'nbp']",cWW,contact type motif-wide consensus count
IL_15052.4.csv,3MXH,1-2,"['cSH', 'nbp']",nbp,contact type motif-wide consensus count
IL_15698.3.csv,4OQU,3-4,"['cSH', 'nbp']",cSH,contact type report count
IL_17948.2.csv,6ZDP,5-7,"['nbp', 'cWW']",nbp,contact type motif-wide consensus count
IL_17948.2.csv,6ZDP,4-7,"['cWW', 'nbp']",nbp,contact type report count
IL_22373.1.csv,6DLR,2-4,"['nbp', 'cWH']",nbp,contact type motif-wide consensus count
IL_22373.1.csv,6DLR,3-5,"['cSH', 'nbp']",cSH,contact type motif-wide consensus count
IL_25186.4.csv,4WF9,4-8,"['cWS', 'nbp']",nbp,contact type motif-wide consensus count
IL_26728.2.csv,7SZU,2-3,"['cSH', 'nbp']",cSH,contact type motif-wide consensus count
IL_28037.1.csv,4WF9,2-5,"['nbp', 'cWW']",cWW,contact type motif-wide consensus count
IL_28037.1.csv,4KYY,2-5,"['nbp', 'cWW']",cWW,contact type motif-wide consensus count
IL_28037.1.csv,4ZC7,2-5,"['cWW', 'nbp']",cWW,contact type motif-wide consensus count
IL_28037.1.csv,6SX2,2-5,"['cWW', 'nbp']",cWW,contact type motif-wide consensus count
IL_29346.1.csv,3PDR,2-3,"['nbp', 'cSH']",nbp,contact type motif-wide consensus count
IL_30730.1.csv,8XZL,1-3,"['cSH', 'nbp']",nbp,contact type motif-wide consensus count
IL_30730.1.csv,8XZL,1-2,"['cSH', 'nbp']",nbp,contact type motif-wide consensus count
IL_34739.3.csv,6ASO,2-20,"['tWW', 'nbp']",nbp,contact type motif-wide consensus count
IL_36516.3.csv,6CK5,4-7,"['tHS', 'nbp']",nbp,contact type motif-wide consensus count
IL_36516.3.csv,6CK5,3-5,"['cSH', 'nbp']",nbp,contact type motif-wide consensus count
IL_38507.2.csv,7A0S,2-9,"['nbp', 'cWW']",nbp,contact type motif-wide consensus count
IL_38862.4.csv,7A0S,1-10,"['cWW', 'nbp']",cWW,contact type motif-wide consensus count
IL_43547.1.csv,6UFG,4-5,"['cSH', 'nbp']",nbp,contact type report count
IL_44465.1.csv,5UNE,2-5,"['nbp', 'cWW']",cWW,contact type motif-wide consensus count
IL_46174.2.csv,3RW6,5-12,"['nbp', 'tSS']",tSS,contact type motif-wide consensus count
IL_48076.5.csv,1I6U,2-4,"['tSH', 'nbp']",nbp,contact type motif-wide consensus count
IL_48076.5.csv,1S03,2-4,"['tSH', 'nbp']",nbp,contact type motif-wide consensus count
IL_48076.5.csv,1S03,2-4,"['tSH', 'nbp']",nbp,contact type motif-wide consensus count
IL_48076.5.csv,4WF9,2-3,"['cSH', 'nbp']",cSH,contact type motif-wide consensus count
IL_48076.5.csv,4WF9,2-3,"['cSH', 'nbp']",cSH,contact type motif-wide consensus count
IL_48076.5.csv,3NKB,2-3,"['cSH', 'nbp']",cSH,contact type motif-wide consensus count
IL_48076.5.csv,4LFB,2-3,"['cSH', 'nbp']",cSH,contact type motif-wide consensus count
IL_48444.5.csv,1MFQ,3-6,"['nbp', 'cWW']",cWW,contact type report count
IL_49751.3.csv,8S95,4-7,"['cWW', 'nbp']",cWW,contact type motif-wide consensus count
IL_49767.8.csv,7A0S,3-10,"['nbp', 'cWW']",nbp,contact type motif-wide consensus count
IL_50730.2.csv,4WF9,2-9,"['nbp', 'tSH']",tSH,contact type motif-wide consensus count
IL_51387.2.csv,5D8H,2-6,"['nbp', 'cWW']",cWW,contact type motif-wide consensus count
IL_51387.2.csv,7A0S,2-6,"['nbp', 'cWW']",cWW,contact type motif-wide consensus count
IL_51387.2.csv,4WF9,2-6,"['nbp', 'cWW']",cWW,contact type motif-wide consensus count
IL_51387.2.csv,7A0S,2-3,"['cSH', 'nbp']",cSH,contact type motif-wide consensus count
IL_51454.1.csv,2QWY,2-5,"['tHS', 'nbp']",nbp,contact type motif-wide consensus count
IL_51454.1.csv,5T83,2-5,"['tHS', 'nbp']",nbp,contact type motif-wide consensus count
IL_51454.1.csv,4LFB,1-5,"['cWW', 'nbp']",cWW,contact type motif-wide consensus count
IL_51454.1.csv,4WF9,1-2,"['cSH', 'nbp']",nbp,contact type motif-wide consensus count
IL_51479.1.csv,4EYA,3-6,"['cWW', 'nbp']",nbp,contact type motif-wide consensus count
IL_53448.1.csv,1NBS,3-4,"['cSH', 'nbp']",cSH,contact type motif-wide consensus count
IL_57188.5.csv,7A0S,5-6,"['cSH', 'nbp']",cSH,contact type motif-wide consensus count
IL_57744.1.csv,6WBR,2-5,"['nbp', 'cSW', 'cWW']",cWW,contact type motif-wide consensus count
IL_58103.11.csv,7A0S,1-10,"['cWW', 'nbp']",cWW,contact type motif-wide consensus count
IL_60797.1.csv,3BBM,6-12,"['nbp', 'tWW']",nbp,contact type motif-wide consensus count
IL_61476.2.csv,7A0S,2-7,"['tSH', 'nbp']",tSH,contact type motif-wide consensus count
IL_63596.11.csv,7A0S,3-7,"['nbp', 'cWS']",nbp,contact type motif-wide consensus count
IL_64231.4.csv,8VMA,4-7,"['nbp', 'cWW']",cWW,contact type motif-wide consensus count
IL_64231.4.csv,8VMA,3-7,"['cWW', 'nbp']",nbp,contact type motif-wide consensus count
IL_64858.3.csv,4TS2,10-15,"['cWW', 'nbp']",nbp,contact type motif-wide consensus count
IL_64858.3.csv,7L0Z,10-15,"['nbp', 'tWW']",nbp,contact type motif-wide consensus count
IL_64858.3.csv,4TS2,3-8,"['tSW', 'nbp', 'tWW']",nbp,contact type motif-wide consensus count
IL_65653.1.csv,8HZE,9-12,"['nbp', 'tHS']",tHS,contact type motif-wide consensus count
IL_65653.1.csv,8HZL,8-13,"['cWW', 'nbp']",nbp,contact type motif-wide consensus count
IL_66798.2.csv,4WF9,2-9,"['tWW', 'nbp']",nbp,contact type motif-wide consensus count
IL_66798.2.csv,4WF9,1-10,"['cWW', 'nbp']",cWW,contact type motif-wide consensus count
IL_68140.3.csv,1S03,2-3,"['cSH', 'nbp']",nbp,contact type motif-wide consensus count
IL_68140.3.csv,1S03,2-3,"['cSH', 'nbp']",nbp,contact type motif-wide consensus count
IL_70923.8.csv,4KQY,4-11,"['tSH', 'nbp']",tSH,contact type motif-wide consensus count
IL_70923.8.csv,5Y7M,2-11,"['tSS', 'nbp']",nbp,contact type motif-wide consensus count
IL_70923.8.csv,7JRR,2-11,"['tSS', 'nbp']",nbp,contact type motif-wide consensus count
IL_70923.8.csv,7F8Z,2-11,"['tSS', 'nbp']",nbp,contact type motif-wide consensus count
IL_70923.8.csv,5FJ0,2-11,"['tSS', 'nbp']",nbp,contact type motif-wide consensus count
IL_70923.8.csv,5FJ0,2-11,"['tSS', 'nbp']",nbp,contact type motif-wide consensus count
IL_70923.8.csv,7A0S,2-11,"['tSS', 'nbp']",nbp,contact type motif-wide consensus count
IL_70923.8.csv,3V7E,2-11,"['tSS', 'nbp']",nbp,contact type motif-wide consensus count
IL_76308.6.csv,8ZA4,4-9,"['tHS', 'nbp']",tHS,contact type motif-wide consensus count
IL_76308.6.csv,1LNT,2-10,"['nbp', 'tWH']",nbp,contact type report count
IL_80823.1.csv,2OEU,4-7,"['nbp', 'cWW']",nbp,contact type motif-wide consensus count
IL_81522.2.csv,6XJQ,2-3,"['nbp', 'tSW']",nbp,contact type motif-wide consensus count
IL_82107.3.csv,5M0H,1-4,"['cWW', 'nbp']",cWW,contact type motif-wide consensus count
IL_82292.1.csv,4EYA,6-7,"['nbp', 'cWW']",cWW,contact type motif-wide consensus count
IL_82292.1.csv,4EYA,2-11,"['cWW', 'nbp']",nbp,contact type motif-wide consensus count
IL_82426.6.csv,4TS2,3-8,"['tSW', 'nbp', 'tWW']",nbp,contact type motif-wide consensus count
IL_84251.1.csv,7EDT,3-6,"['tHS', 'nbp']",tHS,contact type motif-wide consensus count
IL_87907.1.csv,7KJT,2-6,"['nbp', 'cWW']",nbp,contact type motif-wide consensus count
IL_87907.1.csv,4WF9,2-5,"['cWW', 'nbp']",cWW,contact type motif-wide consensus count
IL_87907.1.csv,4PDQ,2-5,"['nbp', 'cWW']",cWW,contact type motif-wide consensus count
IL_87907.1.csv,4ZC7,2-5,"['cWW', 'nbp']",cWW,contact type motif-wide consensus count
IL_87907.1.csv,1ZZ5,2-5,"['cWW', 'nbp']",cWW,contact type motif-wide consensus count
IL_87907.1.csv,7KJT,2-5,"['nbp', 'cWW']",cWW,contact type motif-wide consensus count
IL_87907.1.csv,2ZKO,2-5,"['nbp', 'cWW']",cWW,contact type motif-wide consensus count
IL_87907.1.csv,3GM7,2-5,"['nbp', 'cWW']",cWW,contact type motif-wide consensus count
IL_87907.1.csv,4E48,2-5,"['nbp', 'cWW']",cWW,contact type motif-wide consensus count
IL_87907.1.csv,3GM7,2-5,"['nbp', 'cWW']",cWW,contact type motif-wide consensus count
IL_87907.1.csv,3GM7,2-5,"['nbp', 'cWW']",cWW,contact type motif-wide consensus count
IL_87907.1.csv,3SZX,2-5,"['nbp', 'cWW']",cWW,contact type motif-wide consensus count
IL_87907.1.csv,4E48,2-5,"['nbp', 'cWW']",cWW,contact type motif-wide consensus count
IL_87907.1.csv,4E48,2-5,"['nbp', 'cWW']",cWW,contact type motif-wide consensus count
IL_87907.1.csv,4E48,2-5,"['nbp', 'cWW']",cWW,contact type motif-wide consensus count
IL_87907.1.csv,3SZX,2-5,"['cWW', 'nbp']",cWW,contact type motif-wide consensus count
IL_87907.1.csv,1ZH5,2-5,"['cWW', 'nbp']",cWW,contact type motif-wide consensus count
IL_87907.1.csv,7Y2P,2-5,"['nbp', 'cWW']",cWW,contact type motif-wide consensus count
IL_87907.1.csv,7Y2P,2-5,"['nbp', 'cWW']",cWW,contact type motif-wide consensus count
IL_87907.1.csv,3SZX,2-5,"['cWW', 'nbp']",cWW,contact type motif-wide consensus count
IL_87907.1.csv,4J50,2-5,"['nbp', 'cWW']",cWW,contact type motif-wide consensus count
IL_87907.1.csv,5UNE,2-5,"['nbp', 'cWW']",cWW,contact type motif-wide consensus count
IL_87907.1.csv,5UNE,2-5,"['nbp', 'cWW']",cWW,contact type motif-wide consensus count
IL_87907.1.csv,7KJT,1-6,"['cWW', 'nbp']",cWW,contact type motif-wide consensus count
IL_89021.2.csv,4WF9,3-9,"['nbp', 'cWW']",nbp,contact type motif-wide consensus count
IL_89021.2.csv,7A0S,2-9,"['tSH', 'nbp', 'tWH']",nbp,contact type motif-wide consensus count
IL_89021.2.csv,4WF9,2-9,"['tSH', 'nbp', 'tWH']",nbp,contact type motif-wide consensus count
IL_89505.3.csv,3KTW,1-5,"['cWW', 'nbp']",cWW,contact type motif-wide consensus count
IL_90351.1.csv,4WF9,1-2,"['cSH', 'nbp']",nbp,contact type motif-wide consensus count
IL_94910.1.csv,7A0S,4-11,"['tSH', 'nbp']",tSH,contact type motif-wide consensus count
IL_95583.1.csv,1U9S,2-5,"['tHS', 'nbp', 'cWS']",tHS,contact type motif-wide consensus count
J3_32601.5.csv,7A0S,4-12,"['cWH', 'nbp']",cWH,contact type motif-wide consensus count
J3_34864.2.csv,7A0S,2-14,"['tSH', 'nbp']",tSH,contact type motif-wide consensus count
J3_44163.1.csv,4LX6,8-11,"['nbp', 'tWH']",nbp,contact type motif-wide consensus count
J3_44163.1.csv,1Y27,8-11,"['nbp', 'tWH']",nbp,contact type motif-wide consensus count
J3_44163.1.csv,3SKI,4-5,"['cSH', 'nbp']",nbp,contact type motif-wide consensus count
J3_44163.1.csv,3SKL,4-5,"['cSH', 'nbp']",nbp,contact type motif-wide consensus count
J3_85054.3.csv,1G1X,3-6,"['nbp', 'cWW']",nbp,contact type report count
J3_96372.2.csv,4YAZ,5-9,"['nbp', 'cWW']",nbp,contact type report count
J3_96372.2.csv,4YAZ,1-2,"['cSH', 'nbp']",nbp,contact type report count
J4_04930.6.csv,4WF9,3-6,"['nbp', 'tHW', 'tWW']",nbp,contact type motif-wide consensus count
J4_07491.1.csv,3SKI,4-5,"['cSH', 'nbp']",nbp,contact type motif-wide consensus count
J4_07491.1.csv,3SKL,4-5,"['cSH', 'nbp']",nbp,contact type motif-wide consensus count
J4_22413.3.csv,2IY5,3-9,"['cHW', 'nbp']",nbp,contact type motif-wide consensus count
J4_36296.2.csv,1B23,5-8,"['cWW', 'nbp']",nbp,contact type motif-wide consensus count
J4_36296.2.csv,2CSX,3-8,"['cHS', 'nbp']",nbp,contact type motif-wide consensus count
J4_45801.6.csv,7A0S,5-6,"['cSH', 'nbp']",cSH,contact type motif-wide consensus count
J4_45801.6.csv,7A0S,4-12,"['tHH', 'nbp']",tHH,contact type motif-wide consensus count
J4_69051.6.csv,4WF9,3-8,"['nbp', 'tWW']",tWW,contact type motif-wide consensus count
J4_70449.26.csv,3TUP,5-8,"['cWW', 'nbp']",cWW,contact type motif-wide consensus count
J4_70449.26.csv,8UO6,5-8,"['cWW', 'nbp']",cWW,contact type motif-wide consensus count
J4_70449.26.csv,7E8O,5-8,"['cWW', 'nbp']",cWW,contact type motif-wide consensus count
J4_70449.26.csv,2DER,5-8,"['nbp', 'cWW']",cWW,contact type motif-wide consensus count
J4_70449.26.csv,5HR7,5-8,"['nbp', 'cWW']",cWW,contact type motif-wide consensus count
J4_70449.26.csv,4RDX,5-8,"['cWW', 'nbp']",cWW,contact type motif-wide consensus count
J4_70449.26.csv,3FOZ,3-9,"['nbp', 'cHW']",nbp,contact type motif-wide consensus count
J4_70449.26.csv,1H4S,3-9,"['cHS', 'nbp']",nbp,contact type motif-wide consensus count
J4_70449.26.csv,7YSE,3-9,"['cHS', 'nbp']",nbp,contact type motif-wide consensus count
J4_70449.26.csv,6UFM,3-9,"['cHS', 'nbp']",nbp,contact type motif-wide consensus count
J4_70449.26.csv,7EQJ,3-9,"['cHS', 'nbp']",nbp,contact type motif-wide consensus count
J4_70449.26.csv,3WQY,3-9,"['cHS', 'nbp']",nbp,contact type motif-wide consensus count
J4_70449.26.csv,1GAX,3-9,"['cHS', 'nbp']",nbp,contact type motif-wide consensus count
J4_70449.26.csv,4WJ4,3-9,"['cHS', 'nbp']",nbp,contact type motif-wide consensus count
J4_70449.26.csv,1J1U,3-9,"['nbp', 'cHW']",nbp,contact type motif-wide consensus count
J4_70449.26.csv,5HR7,3-9,"['cHS', 'nbp']",nbp,contact type motif-wide consensus count
J4_70449.26.csv,1N78,3-9,"['cHS', 'nbp']",nbp,contact type motif-wide consensus count
J4_70449.26.csv,3AMU,3-9,"['cHS', 'nbp']",nbp,contact type motif-wide consensus count
J4_70672.1.csv,3F2X,5-13,"['cSS', 'nbp']",nbp,contact type motif-wide consensus count
J4_72305.4.csv,4QEI,4-7,"['nbp', 'cWW']",nbp,contact type motif-wide consensus count
J4_72305.4.csv,3AL0,3-7,"['cHS', 'nbp']",cHS,contact type motif-wide consensus count
J5_31814.5.csv,7A0S,16-17,"['cSH', 'nbp']",cSH,contact type motif-wide consensus count
J5_31814.5.csv,7A0S,15-23,"['tHH', 'nbp']",tHH,contact type motif-wide consensus count
J7_21233.5.csv,7A0S,15-21,"['tSH', 'nbp']",tSH,contact type motif-wide consensus count
J7_21233.5.csv,7A0S,14-26,"['cSW', 'nbp']",nbp,contact type motif-wide consensus count
J7_21233.5.csv,7A0S,4-14,"['tHH', 'nbp']",tHH,contact type motif-wide consensus count
J7_30280.5.csv,7A0S,6-7,"['cSH', 'nbp']",cSH,contact type motif-wide consensus count
