cluster,PDB,column,tied_contact_types,consensus,rows_in_cluster
HL_04641.1.csv,7OS0,4-5,"['cSW', 'nbp']",,1
HL_26934.1.csv,3IVN,3-6,"['nbp', 'tSW']",,1
HL_35354.1.csv,6E8S,16-19,"['nbp', 'cWH']",,1
HL_35354.1.csv,6E8S,14-20,"['nbp', 'tWW']",,1
HL_36335.1.csv,5W1H,3-7,"['cSS', 'nbp']",,2
HL_36335.1.csv,5WLH,3-7,"['cSS', 'nbp']",,2
HL_45785.1.csv,8FZA,7-8,"['tSW', 'tSH']",,2
HL_45785.1.csv,8FZA,7-8,"['cSH', 'nbp']",,2
HL_45785.1.csv,8FZA,4-6,"['cSH', 'nbp', 'cWH']",,2
HL_45785.1.csv,8FZA,4-6,"['cSH', 'nbp', 'cWH']",,2
HL_57863.1.csv,5BJO,2-8,"['nbp', 'cWW']",,1
HL_90620.1.csv,3IVN,4-8,"['cSW', 'nbp']",,2
HL_92488.1.csv,4UYK,9-10,"['nbp', 'cSW']",,1
HL_97733.1.csv,5NWQ,5-6,"['cSH', 'nbp']",,1
IL_03109.2.csv,4LFB,2-6,"['tWH', 'nbp']",,1
IL_04332.3.csv,7A0S,6-8,"['cSH', 'nbp']",,1
IL_04332.3.csv,7A0S,3-9,"['nbp', 'cWW']",,1
IL_06300.1.csv,4WF9,4-8,"['cHW', 'nbp']",,1
IL_15107.1.csv,8D29,4-17,"['cWW', 'nbp']",,1
IL_15698.3.csv,4AOB,2-6,"['tSH', 'nbp']",,5
IL_15698.3.csv,4OQU,2-6,"['tSH', 'nbp']",,5
IL_15698.3.csv,5FJC,2-6,"['tSH', 'nbp']",,5
IL_15698.3.csv,4KQY,2-6,"['tSH', 'nbp']",,5
IL_19048.1.csv,4WF9,3-13,"['nbp', 'cWW']",,1
IL_22373.1.csv,5U3G,3-5,"['cSH', 'nbp', 'cWH']",,4
IL_22373.1.csv,7MLW,3-5,"['cSH', 'nbp', 'cWH']",,4
IL_22829.2.csv,3NDB,6-10,"['cWS', 'nbp']",,1
IL_28564.1.csv,6DTD,2-6,"['nbp', 'cWW']",,1
IL_29198.2.csv,4WF9,4-5,"['cSH', 'nbp']",,1
IL_29357.1.csv,8DK7,6-14,"['cWW', 'nbp']",,1
IL_30730.1.csv,8XZL,1-3,"['cSH', 'nbp']",,2
IL_42218.2.csv,4WF9,6-8,"['tSW', 'nbp']",,1
IL_42218.2.csv,4WF9,3-9,"['cHW', 'nbp']",,1
IL_73700.1.csv,6N5P,7-12,"['nbp', 'cSW']",,1
IL_76319.4.csv,4LFB,3-6,"['cWS', 'nbp', 'cWW']",,1
IL_77827.1.csv,4WF9,11-29,"['tHS', 'nbp']",,1
IL_78472.1.csv,5UNE,2-12,"['nbp', 'cWW']",,1
IL_79846.1.csv,3Q3Z,2-9,"['nbp', 'tWH']",,1
IL_84665.1.csv,7QR4,3-14,"['cSW', 'nbp']",,1
IL_85222.1.csv,4LFB,2-10,"['nbp', 'cWW']",,1
IL_85222.1.csv,4LFB,6-9,"['cWW', 'nbp']",,1
IL_85222.1.csv,4LFB,3-9,"['cWW', 'nbp']",,1
IL_85222.1.csv,4LFB,3-5,"['cSH', 'nbp']",,1
IL_88072.1.csv,4FRG,4-8,"['tWW', 'nbp']",,1
IL_91636.1.csv,3KTW,2-10,"['tSH', 'nbp', 'tWH']",,1
IL_93889.1.csv,4MGN,18-19,"['cSH', 'nbp']",,1
IL_93889.1.csv,4MGN,3-19,"['tHW', 'nbp']",,1
IL_99692.2.csv,5D8H,7-10,"['nbp', 'cWW']",,1
J3_01425.1.csv,3HJW,2-8,"['tWW', 'nbp']",,1
J3_01596.1.csv,3NKB,13-15,"['nbp', 'cSH']",,1
J3_07703.1.csv,4WF9,6-9,"['tHH', 'nbp']",,2
J3_08040.1.csv,7KVT,11-25,"['cWW', 'nbp']",,1
J3_10708.1.csv,2A64,2-21,"['nbp', 'tSH']",,1
J3_13378.1.csv,7A0S,25-26,"['cWW', 'nbp']",,1
J3_13378.1.csv,7A0S,13-17,"['cWW', 'nbp']",,1
J3_13378.1.csv,7A0S,1-38,"['cWW', 'nbp']",,1
J3_20650.1.csv,5BJO,4-5,"['nbp', 'cSH']",,1
J3_22198.1.csv,4RGE,9-10,"['cSH', 'nbp']",,1
J3_23373.1.csv,3KTW,11-14,"['nbp', 'cWW']",,1
J3_23373.1.csv,3KTW,3-15,"['cWW', 'nbp']",,1
J3_33327.1.csv,7KJT,3-24,"['cWW', 'nbp']",,1
J3_36499.1.csv,4UYK,8-11,"['tHS', 'nbp']",,1
J3_37047.5.csv,4LFB,9-10,"['cSH', 'nbp']",,1
J3_37047.5.csv,4LFB,3-8,"['tHH', 'nbp']",,1
J3_39320.1.csv,4WF9,13-17,"['nbp', 'tHW']",,1
J3_45099.1.csv,359D,14-17,"['nbp', 'cWW']",,1
J3_58090.1.csv,6LAX,6-10,"['nbp', 'tHW']",,1
J3_58090.1.csv,6LAX,3-10,"['cSS', 'nbp']",,1
J3_60223.1.csv,5KTJ,4-9,"['cSS', 'nbp', 'cWS']",,1
J3_68164.1.csv,4WF9,4-9,"['tWW', 'nbp']",,1
J3_89044.1.csv,4R4V,2-14,"['cSW', 'nbp']",,1
J3_93637.1.csv,3KTW,11-12,"['nbp', 'cWW']",,1
J3_93637.1.csv,3KTW,3-13,"['cWW', 'nbp']",,1
J4_12209.1.csv,1U9S,12-13,"['cSH', 'nbp']",,1
J4_12209.1.csv,1U9S,5-20,"['tSW', 'nbp']",,1
J4_16596.1.csv,4GXY,4-10,"['nbp', 'cSS', 'cWS']",,3
J4_19572.1.csv,1U9S,12-13,"['cSH', 'nbp']",,1
J4_19572.1.csv,1U9S,5-20,"['tSW', 'nbp']",,1
J4_36568.1.csv,4LFB,5-12,"['tWH', 'nbp']",,1
J4_44058.1.csv,6VMY,3-9,"['nbp', 'cSS', 'cWS']",,1
J4_45801.6.csv,7A0S,4-12,"['tHH', 'nbp']",,2
J4_54165.1.csv,7A0S,11-16,"['tHS', 'nbp']",,1
J4_57344.1.csv,5UD5,2-11,"['tHS', 'nbp']",,1
J4_61885.5.csv,4LFB,4-14,"['nbp', 'cSW']",,1
J4_80682.1.csv,5X6B,3-6,"['nbp', 'cWW']",,2
J4_91813.1.csv,7A0S,8-11,"['tHS', 'nbp']",,1
J5_31814.5.csv,7A0S,15-23,"['tHH', 'nbp']",,2
J6_45299.4.csv,4WF9,9-33,"['nbp', 'tSW']",,1
J6_45299.4.csv,4WF9,8-10,"['cSS', 'nbp']",,1
J6_93066.1.csv,4WF9,23-27,"['nbp', 'tHW']",,1
J7_21233.5.csv,7A0S,14-26,"['cSW', 'nbp']",,2
