residue1,residue2,n_type,weight,description,full description
A2,A3,GA,0.966918644757,>>,>> (relaxed-n12cc-7)
A2,A3,GA,0.778433027769,diagonal-c,diagonal-c (5)
A2,A56,GU,0.993171416519,diagonal-nc-ww,diagonal-nc-ww (3)
A2,A57,GC,0.839665049051,WW_cis,WW_cis (5)
A2,A58,GC,0.0399701744035,?W_345BR,?W_345BR (O4'-5)
A2,A58,GC,0.331845963361,?<>,?<> (fuzzy-1)
A3,A2,AG,0.263631648376,?H_0BR,?H_0BR (O3'-1)
A3,A2,AG,0.97987460524,<<,<< (relaxed-n12cc-10)
A3,A2,AG,0.716144383924,diagonal-c,diagonal-c (5)
A3,A2,AG,0.131222265535,?HW_cis,?HW_cis (f7)
A3,A2,AG,0.00958155030455,?H_0BPh,?H_0BPh (O5'-1)
A3,A4,AG,1.0,base-ribose-stacking,base-ribose-stacking
A3,A4,AG,0.98467397974,>>,>> (mo-7)
A3,A4,AG,0.664695928525,diagonal-c,diagonal-c (5)
A3,A55,AC,0.988437580947,diagonal-nc-ww,diagonal-nc-ww (1)
A3,A56,AU,0.855244404336,WW_cis,WW_cis (10)
A3,A57,AC,0.0282375783669,?WW_cis,?WW_cis (f7)
A3,A57,AC,0.207861471968,?<>,?<> (fuzzy-6)
A4,A3,GA,0.998337951936,<<,<< (mo-8)
A4,A3,GA,0.759021592919,diagonal-c,diagonal-c (5)
A4,A5,GU,0.0424374372151,?S_1BR,?S_1BR (O4'-5)
A4,A5,GU,0.990305644197,>>,>> (mo-6)
A4,A54,GA,0.99677006903,diagonal-nc-ww,diagonal-nc-ww (2)
A4,A55,GC,0.886553389975,WW_cis,WW_cis (21)
A4,A56,GU,0.100857869272,?WW_cis,?WW_cis (f7)
A4,A56,GU,0.448752258183,?<>,?<> (fuzzy-13)
A5,A4,UG,0.987482846339,<<,<< (mo-3)
A5,A4,UG,0.303258246462,?H_0BR,?H_0BR (O3'-5)
A5,A6,UC,0.982390841092,>>,>> (mo-7)
A5,A53,UG,0.991959051157,diagonal-nc-ww,diagonal-nc-ww (3)
A5,A54,UA,0.779518906885,WW_cis,WW_cis (6)
A5,A55,UC,0.733721537383,diagonal-nc-ww,diagonal-nc-ww (5)
A6,A5,CU,0.13156430689,?H_789BPh,?H_789BPh (O5'-5)
A6,A5,CU,0.990350549862,<<,<< (mo-6)
A6,A5,CU,0.10275762525,?H_0BR,?H_0BR (O3'-1)
A6,A7,CA,0.154212834872,?>>,?>> (fuzzy-1)
A6,A7,CA,0.892689586186,diagonal-c,diagonal-c (3)
A6,A53,CG,0.690441082386,WW_cis,WW_cis (24)
A6,A54,CA,0.0423303964787,?SW_cis,?SW_cis (f13)
A6,A54,CA,0.222559276102,?<>,?<> (fuzzy-9)
A7,A6,AC,0.228839761831,?<<,?<< (fuzzy-1)
A7,A6,AC,0.693201778428,diagonal-c,diagonal-c (5)
A7,A8,AU,0.982896189008,>>,>> (mo-5)
A7,A53,AG,0.968006531687,<>,<> (mo-5)
A7,A53,AG,0.109039097472,?SW_2BR,?SW_2BR (O4'-5)
A8,A7,UA,0.985589864579,<<,<< (mo-8)
A8,A7,UA,0.208951038437,?H_789BR,?H_789BR (O3'-5)
A8,A7,UA,0.267389667751,?H_0BR,?H_0BR (O3'-4)
A8,A9,UG,0.0154877051649,?H_0BPh,?H_0BPh (OP2-3)
A9,A10,GG,0.30646285569,?S_1BPh,?S_1BPh (OP2-1)
A9,A11,GC,0.992077347365,<>,<> (mo-1)
A9,A11,GC,1.0,base-ribose-stacking,base-ribose-stacking
A9,A36,GG,0.841343546424,diagonal-nc-ww,diagonal-nc-ww (4)
A9,A37,GU,0.811934591148,WS_tran,WS_tran (13)
A9,A38,GC,0.116422240838,?W_345BR,?W_345BR (O4'-3)
A9,A38,GC,1.0,base-ribose-stacking,base-ribose-stacking
A9,A38,GC,0.233306711322,?>>,?>> (fuzzy-16)
A9,A38,GC,0.906350625523,diagonal-nc-ww,diagonal-nc-ww (5)
A9,A51,GG,0.822871713243,diagonal-nc-ww,diagonal-nc-ww (1)
A10,A11,GC,0.895075292869,diagonal-c,diagonal-c (4)
A10,A11,GC,0.322321378734,?SH_cis,?SH_cis (f3)
A10,A12,GU,0.61429582685,SH_cis,SH_cis (8)
A10,A13,GC,0.780033928337,diagonal-nc-ww,diagonal-nc-ww (1)
A10,A13,GC,0.327614800915,?SW_tran,?SW_tran (f12)
A10,A30,GG,0.976755218551,><,>< (mo-5)
A10,A30,GG,0.0336407609077,?H_0BPh,?H_0BPh (O5'-1)
A10,A33,GG,0.958423858495,diagonal-nc-ww,diagonal-nc-ww (1)
A10,A33,GG,0.150585195833,?WH_tran,?WH_tran (f11)
A10,A34,GC,0.755322630841,WW_cis,WW_cis (23)
A10,A36,GG,0.551917541447,diagonal-nc-ww,diagonal-nc-ww (1)
A11,A9,CG,0.947788481897,<>,<> (mo-1)
A11,A10,CG,0.372966855006,?HS_cis,?HS_cis (f4)
A11,A10,CG,0.990242853826,H_789BR,H_789BR (O4'-1)
A11,A10,CG,0.458895271369,?diagonal-c,?diagonal-c (1)
A11,A10,CG,0.164463281602,?H_789BPh,?H_789BPh (O5'-5)
A11,A12,CU,0.082996133945,?H_0BPh,?H_0BPh (NEXT:O3'-5)
A11,A12,CU,0.968924093634,>>,>> (mo-11)
A11,A30,CG,0.711618852941,diagonal-nc-ww,diagonal-nc-ww (1)
A11,A35,CA,0.991922500875,diagonal-nc-ww,diagonal-nc-ww (1)
A11,A36,CG,0.842677198507,WW_cis,WW_cis (2)
A11,A37,CU,0.168341260822,?WW_cis,?WW_cis (f11)
A11,A37,CU,0.630648479634,diagonal-nc-ww,diagonal-nc-ww (5)
A12,A10,UG,0.134342342232,?H_789BR,?H_789BR (O4'-1)
A12,A10,UG,0.642092038689,HS_cis,HS_cis (8)
A12,A11,UC,0.0807556741372,?H_789BPh,?H_789BPh (NEXT:O3'-1)
A12,A11,UC,0.946515604762,<<,<< (mo-13)
A12,A11,UC,0.0248826113341,?H_0BR,?H_0BR (O3'-1)
A12,A13,UC,0.961837883565,>>,>> (mo-1)
A12,A30,UG,0.845464753731,diagonal-nc-ww,diagonal-nc-ww (1)
A12,A33,UG,0.989133956882,diagonal-nc-ww,diagonal-nc-ww (1)
A12,A35,UA,0.828272176155,WW_cis,WW_cis (22)
A12,A36,UG,0.956261910001,<>,<> (mo-8)
A13,A10,CG,0.74867609744,diagonal-nc-ww,diagonal-nc-ww (1)
A13,A10,CG,0.139908247662,?H_789BR,?H_789BR (O2'-3)
A13,A10,CG,0.246381292559,?WS_tran,?WS_tran (f11)
A13,A12,CU,0.065644778345,?H_789BPh,?H_789BPh (O5'-5)
A13,A12,CU,0.983452198838,<<,<< (mo-2)
A13,A14,CA,0.8964889993,>>,>> (relaxed-n12cc-6)
A13,A14,CA,0.881093700537,diagonal-c,diagonal-c (3)
A13,A30,CG,0.235143514024,?WH_tran,?WH_tran (f12)
A13,A32,CU,0.986875717462,diagonal-nc-ww,diagonal-nc-ww (1)
A13,A33,CG,0.843325839651,WW_cis,WW_cis (3)
A13,A35,CA,0.0850397288208,?SW_cis,?SW_cis (f2)
A13,A35,CA,0.205716055021,?<>,?<> (fuzzy-3)
A14,A13,AC,0.117147614601,?H_0BR,?H_0BR (O3'-1)
A14,A13,AC,0.0985743511433,?HS_cis,?HS_cis (f1)
A14,A13,AC,0.753228647612,<<,<< (relaxed-n12cc-13)
A14,A13,AC,0.594820717845,diagonal-c,diagonal-c (5)
A14,A13,AC,0.129445379878,?HW_cis,?HW_cis (f5)
A14,A13,AC,0.0140241963473,?H_0BPh,?H_0BPh (O5'-1)
A14,A15,AG,1.0,base-ribose-stacking,base-ribose-stacking
A14,A15,AG,0.981934007936,>>,>> (mo-9)
A14,A15,AG,0.681101614413,diagonal-c,diagonal-c (5)
A14,A29,AC,0.965808760677,diagonal-nc-ww,diagonal-nc-ww (1)
A14,A30,AG,0.184393317821,?WW_cis,?WW_cis (f14)
A14,A30,AG,0.839275291493,diagonal-nc-ww,diagonal-nc-ww (4)
A14,A32,AU,0.852636671612,WW_cis,WW_cis (16)
A14,A33,AG,0.961140183896,<>,<> (mo-6)
A14,A33,AG,0.087645923962,?SW_2BR,?SW_2BR (O4'-3)
A15,A14,GA,0.981983318373,<<,<< (mo-9)
A15,A14,GA,0.110370831907,?H_0BR,?H_0BR (O3'-1)
A15,A14,GA,0.691254895877,diagonal-c,diagonal-c (5)
A15,A16,GG,1.0,base-ribose-stacking,base-ribose-stacking
A15,A16,GG,0.467162772625,?diagonal-c,?diagonal-c (3)
A15,A16,GG,0.975027170072,>>,>> (mo-3)
A15,A29,GC,0.985836600118,diagonal-nc-ww,diagonal-nc-ww (2)
A15,A31,GC,0.792296107108,WW_cis,WW_cis (1)
A15,A32,GU,0.475595901002,?<>,?<> (fuzzy-7)
A16,A15,GG,0.978444327912,<<,<< (mo-12)
A16,A15,GG,0.726805983172,diagonal-c,diagonal-c (3)
A16,A15,GG,0.129838177751,?H_0BPh,?H_0BPh (O5'-5)
A16,A15,GG,0.126132895144,?H_0BR,?H_0BR (O3'-1)
A16,A17,GG,1.0,base-ribose-stacking,base-ribose-stacking
A16,A17,GG,0.475800114059,?diagonal-c,?diagonal-c (3)
A16,A17,GG,0.98139354582,>>,>> (mo-15)
A16,A27,GG,0.893895651657,diagonal-nc-ww,diagonal-nc-ww (1)
A16,A28,GC,0.994510780199,diagonal-nc-ww,diagonal-nc-ww (3)
A16,A29,GC,0.00689634580565,?W_345BR,?W_345BR (O2'-5)
A16,A29,GC,0.89946712059,WW_cis,WW_cis (6)
A16,A31,GC,0.0748270642513,?SW_cis,?SW_cis (f5)
A16,A31,GC,0.380527781644,?<>,?<> (fuzzy-1)
A17,A16,GG,0.990229741577,<<,<< (mo-5)
A17,A16,GG,0.625361549729,diagonal-c,diagonal-c (3)
A17,A16,GG,0.0194560751512,?H_0BPh,?H_0BPh (O5'-5)
A17,A16,GG,0.13556047208,?H_0BR,?H_0BR (O2'-1)
A17,A18,GC,1.0,base-ribose-stacking,base-ribose-stacking
A17,A18,GC,0.974216517443,>>,>> (mo-1)
A17,A26,GA,0.903892857854,diagonal-nc-ww,diagonal-nc-ww (1)
A17,A27,GG,0.989750978678,diagonal-nc-ww,diagonal-nc-ww (1)
A17,A28,GC,0.882577606144,WW_cis,WW_cis (5)
A17,A29,GC,0.0887335422673,?W_345BR,?W_345BR (O4'-5)
A17,A29,GC,0.383147703476,?<>,?<> (fuzzy-15)
A18,A17,CG,0.992892059529,<<,<< (mo-5)
A18,A19,CU,0.975646606797,>>,>> (mo-7)
A18,A19,CU,0.801798299825,diagonal-c,diagonal-c (5)
A18,A26,CA,0.0150773541119,?WW_cis,?WW_cis (f13)
A18,A26,CA,0.992645499194,diagonal-nc-ww,diagonal-nc-ww (4)
A18,A27,CG,0.946045539318,WW_cis,WW_cis (14)
A18,A28,CC,0.211381550125,?WW_cis,?WW_cis (f11)
A18,A28,CC,0.766290022569,diagonal-nc-ww,diagonal-nc-ww (5)
A18,A28,CC,0.104888060753,?<>,?<> (fuzzy-1)
A19,A18,UC,0.932107775378,<<,<< (mo-14)
A19,A18,UC,0.135921730629,?H_0BR,?H_0BR (O3'-1)
A19,A18,UC,0.412720749184,?diagonal-c,?diagonal-c (1)
A19,A20,UG,0.97286972222,>>,>> (more-relaxed-n12cc-4)
A19,A20,UG,0.693742905409,diagonal-c,diagonal-c (1)
A19,A25,UC,0.99800987838,diagonal-nc-ww,diagonal-nc-ww (3)
A19,A26,UA,0.945999417683,WW_cis,WW_cis (5)
A19,A27,UG,0.643069691941,<>,<> (relaxed-n12cc-7)
A20,A19,GU,0.951709531515,<<,<< (more-relaxed-n12cc-7)
A20,A19,GU,0.41324420283,?diagonal-c,?diagonal-c (1)
A20,A19,GU,0.0641533869563,?H_0BPh,?H_0BPh (O5'-1)
A20,A19,GU,0.0570629238987,?H_0BR,?H_0BR (O3'-1)
A20,A21,GU,1.0,base-ribose-stacking,base-ribose-stacking
A20,A21,GU,0.985790749139,>>,>> (mo-12)
A20,A24,GG,0.967936171695,diagonal-nc-ww,diagonal-nc-ww (1)
A20,A25,GC,0.958304348887,WW_cis,WW_cis (1)
A20,A26,GA,0.990441984146,<>,<> (mo-7)
A21,A20,UG,0.991951086449,<<,<< (mo-1)
A21,A20,UG,0.0980554807493,?H_0BR,?H_0BR (O3'-1)
A21,A23,UC,0.970848183826,>>,>> (mo-16)
A21,A24,UG,0.848944677273,SW_tran,SW_tran (1)
A21,A25,UC,0.703035306985,diagonal-nc-ww,diagonal-nc-ww (5)
A21,A25,UC,0.0610613779867,?<>,?<> (fuzzy-1)
A22,A21,UU,0.961444564531,H_0BR,H_0BR (O3'-1)
A23,A21,CU,0.916746067919,<<,<< (mo-4)
A23,A21,CU,1.0,base-ribose-stacking,base-ribose-stacking
A23,A21,CU,0.127183337012,?H_789BR,?H_789BR (O3'-5)
A23,A21,CU,0.0574643774502,?W_6BPh,?W_6BPh (OP2-5)
A23,A22,CU,0.0656809575559,?H_0BR,?H_0BR (O3'-1)
A23,A22,CU,0.993421579621,H_789BPh,H_789BPh (OP2-1)
A23,A24,CG,0.353285304788,?<<,?<< (fuzzy-16)
A23,A24,CG,0.954332541022,diagonal-c,diagonal-c (5)
A24,A20,GG,0.833299239975,diagonal-nc-ww,diagonal-nc-ww (4)
A24,A21,GU,0.795833612392,WS_tran,WS_tran (1)
A24,A23,GC,1.0,base-ribose-stacking,base-ribose-stacking
A24,A23,GC,0.430884411826,?>>,?>> (fuzzy-16)
A24,A23,GC,0.483974128052,?diagonal-c,?diagonal-c (1)
A24,A25,GC,0.968260118574,<>,<> (mo-1)
A24,A25,GC,0.68357230533,diagonal-c,diagonal-c (4)
A24,A25,GC,1.0,base-ribose-stacking,base-ribose-stacking
A24,A25,GC,0.274811875697,?S_1BPh,?S_1BPh (OP2-3)
A25,A19,CU,0.991195443308,diagonal-nc-ww,diagonal-nc-ww (4)
A25,A20,CG,0.941519881031,WW_cis,WW_cis (2)
A25,A21,CU,0.592667906747,diagonal-nc-ww,diagonal-nc-ww (1)
A25,A21,CU,0.137604044205,?<>,?<> (fuzzy-1)
A25,A24,CG,0.964802799947,<>,<> (mo-1)
A25,A24,CG,0.0181008697115,?H_0BR,?H_0BR (O3'-1)
A25,A24,CG,0.873290755176,diagonal-c,diagonal-c (4)
A25,A26,CA,0.950947183299,diagonal-c,diagonal-c (3)
A25,A26,CA,0.83458578238,>>,>> (more-relaxed-n12cc-1)
A25,A26,CA,0.0555302383745,?SH_cis,?SH_cis (f1)
A26,A18,AC,0.0725778832199,?WW_cis,?WW_cis (f16)
A26,A18,AC,0.990632298643,diagonal-nc-ww,diagonal-nc-ww (3)
A26,A19,AU,0.89159835159,WW_cis,WW_cis (5)
A26,A20,AG,0.966746406535,<>,<> (mo-11)
A26,A20,AG,0.0552422977081,?SW_2BR,?SW_2BR (O4'-1)
A26,A25,AC,0.137940567082,?HS_cis,?HS_cis (f1)
A26,A25,AC,0.665254304588,<<,<< (more-relaxed-n12cc-1)
A26,A25,AC,0.173563100441,?H_0BR,?H_0BR (O2'-5)
A26,A25,AC,0.581908084766,diagonal-c,diagonal-c (5)
A26,A27,AG,1.0,base-ribose-stacking,base-ribose-stacking
A26,A27,AG,0.99860535437,>>,>> (mo-3)
A27,A17,GG,0.992793929807,diagonal-nc-ww,diagonal-nc-ww (2)
A27,A18,GC,0.0013703545163,?W_345BR,?W_345BR (O2'-5)
A27,A18,GC,0.865771402352,WW_cis,WW_cis (4)
A27,A19,GU,0.478695564339,?<>,?<> (fuzzy-8)
A27,A26,GA,0.976963603949,<<,<< (mo-3)
A27,A26,GA,0.107526960262,?H_0BPh,?H_0BPh (O5'-5)
A27,A26,GA,0.129779730084,?H_0BR,?H_0BR (O3'-1)
A27,A28,GC,0.00645068771223,?S_1BR,?S_1BR (O4'-5)
A27,A28,GC,0.987156887779,>>,>> (mo-4)
A28,A16,CG,0.994502661228,diagonal-nc-ww,diagonal-nc-ww (2)
A28,A17,CG,0.926761574517,WW_cis,WW_cis (14)
A28,A18,CC,0.158328430383,?WW_cis,?WW_cis (f12)
A28,A18,CC,0.82034970347,diagonal-nc-ww,diagonal-nc-ww (5)
A28,A18,CC,0.139983168982,?<>,?<> (fuzzy-1)
A28,A27,CG,0.980119771806,<<,<< (mo-14)
A28,A27,CG,0.102211709339,?H_0BR,?H_0BR (O2'-5)
A28,A29,CC,0.414276345526,?diagonal-c,?diagonal-c (1)
A28,A29,CC,0.954705810287,>>,>> (mo-3)
A29,A15,CG,0.983170315029,diagonal-nc-ww,diagonal-nc-ww (2)
A29,A16,CG,0.943049462053,WW_cis,WW_cis (4)
A29,A17,CG,0.443349683974,?<>,?<> (fuzzy-7)
A29,A28,CC,0.978598671222,<<,<< (mo-3)
A29,A28,CC,0.08173285715,?H_0BR,?H_0BR (O3'-1)
A29,A28,CC,0.451869127946,?diagonal-c,?diagonal-c (4)
A29,A30,CG,0.898877529161,long-stacking-c,long-stacking-c (2)
A29,A30,CG,0.123178236708,?H_0BPh,?H_0BPh (OP2-5)
A29,A31,CC,0.700843813094,diagonal-nc-ww,diagonal-nc-ww (1)
A30,A10,GG,0.983210436994,><,>< (mo-2)
A30,A12,GU,0.96369303096,diagonal-nc-ww,diagonal-nc-ww (1)
A30,A13,GC,0.266136294952,?HW_tran,?HW_tran (f14)
A30,A14,GA,0.0324837882654,?WW_cis,?WW_cis (f11)
A30,A14,GA,0.747027377803,diagonal-nc-ww,diagonal-nc-ww (1)
A30,A29,GC,0.933856559577,long-stacking-c,long-stacking-c (4)
A30,A31,GC,0.873711657152,diagonal-c,diagonal-c (5)
A30,A32,GU,0.0682947435169,?WH_cis,?WH_cis (f1)
A30,A32,GU,0.369298403332,?<<,?<< (fuzzy-5)
A30,A32,GU,0.117869579334,?S_1BPh,?S_1BPh (OP2-1)
A30,A33,GG,0.873990670366,WH_cis,WH_cis (8)
A30,A33,GG,0.13070182524,?S_1BPh,?S_1BPh (OP2-5)
A30,A34,GC,0.866808064432,diagonal-nc-ww,diagonal-nc-ww (1)
A30,A34,GC,0.0429401382596,?WW_tran,?WW_tran (f15)
A31,A15,CG,0.912625151144,diagonal-nc-ww,diagonal-nc-ww (5)
A31,A15,CG,0.864087697918,WW_cis,WW_cis (3)
A31,A16,CG,0.300015196281,?<>,?<> (fuzzy-7)
A31,A29,CC,0.678884743128,diagonal-nc-ww,diagonal-nc-ww (1)
A31,A30,CG,0.276381387594,?H_789BPh,?H_789BPh (O5'-5)
A31,A30,CG,0.350209386001,?H_789BR,?H_789BR (O4'-5)
A31,A30,CG,0.592210901902,diagonal-c,diagonal-c (1)
A31,A32,CU,0.00693055301342,?H_0BPh,?H_0BPh (NEXT:O3'-5)
A31,A32,CU,0.83661435874,>>,>> (mo-1)
A32,A13,UC,0.985025479495,diagonal-nc-ww,diagonal-nc-ww (1)
A32,A14,UA,0.759646800376,WW_cis,WW_cis (1)
A32,A15,UG,0.781999871096,<>,<> (relaxed-n12cc-7)
A32,A30,UG,0.248333390971,?H_789BR,?H_789BR (O4'-1)
A32,A30,UG,0.568752638441,>>,>> (relaxed-n12cc-1)
A32,A31,UC,0.00929113788794,?H_789BPh,?H_789BPh (O5'-1)
A32,A31,UC,0.922566887099,<<,<< (mo-16)
A32,A31,UC,0.112063087588,?H_789BR,?H_789BR (O4'-5)
A32,A31,UC,0.0945398030905,?H_0BR,?H_0BR (O2'-1)
A32,A33,UG,0.129954586177,?>>,?>> (fuzzy-1)
A32,A33,UG,0.699835176722,diagonal-c,diagonal-c (1)
A33,A10,GG,0.174041100022,?HW_tran,?HW_tran (f11)
A33,A10,GG,0.873867096777,diagonal-nc-ww,diagonal-nc-ww (5)
A33,A13,GC,0.0544349206399,?W_345BR,?W_345BR (O2'-5)
A33,A13,GC,0.851163893747,WW_cis,WW_cis (1)
A33,A14,GA,0.959644302633,<>,<> (mo-14)
A33,A30,GG,0.838865744575,HW_cis,HW_cis (15)
A33,A32,GU,0.0852355411027,?H_0BR,?H_0BR (O2'-5)
A33,A32,GU,0.175787765973,?<<,?<< (fuzzy-4)
A33,A32,GU,0.374063055961,?diagonal-c,?diagonal-c (1)
A33,A34,GC,1.0,base-ribose-stacking,base-ribose-stacking
A33,A34,GC,0.806120595956,>>,>> (relaxed-nn-4)
A33,A35,GA,0.914503746804,diagonal-nc-ww,diagonal-nc-ww (3)
A33,A35,GA,0.012783259478,?WH_cis,?WH_cis (f10)
A33,A35,GA,0.359968137838,?>>,?>> (fuzzy-11)
A34,A10,CG,0.889563413356,WW_cis,WW_cis (20)
A34,A12,CU,0.474114643843,?diagonal-nc-ww,?diagonal-nc-ww (1)
A34,A13,CC,0.631518494244,diagonal-nc-ww,diagonal-nc-ww (5)
A34,A32,CU,0.0305063509855,?H_789BPh,?H_789BPh (OP2-1)
A34,A32,CU,0.00812171696752,?H_789BR,?H_789BR (O3'-1)
A34,A33,CG,0.901732121287,<<,<< (relaxed-nn-1)
A34,A33,CG,0.979170482529,H_789BPh,H_789BPh (OP2-1)
A34,A33,CG,1.0,base-ribose-stacking,base-ribose-stacking
A34,A33,CG,0.185514905138,?H_0BR,?H_0BR (O3'-4)
A34,A35,CA,0.604152008691,SH_cis,SH_cis (2)
A35,A11,AC,0.987339377332,diagonal-nc-ww,diagonal-nc-ww (1)
A35,A12,AU,0.790019187923,WW_cis,WW_cis (4)
A35,A13,AC,0.0763652359852,?<>,?<> (fuzzy-1)
A35,A33,AG,0.840034268438,diagonal-nc-ww,diagonal-nc-ww (4)
A35,A33,AG,0.289982818131,?<<,?<< (fuzzy-1)
A35,A33,AG,0.126371337351,?HW_cis,?HW_cis (f8)
A35,A34,AC,0.19856890596,?H_789BR,?H_789BR (O4'-1)
A35,A34,AC,0.519741692127,?HS_cis,?HS_cis (2)
A35,A36,AG,0.930626285524,>>,>> (mo-16)
A35,A36,AG,0.730562735968,diagonal-c,diagonal-c (5)
A36,A9,GG,0.978085748892,diagonal-nc-ww,diagonal-nc-ww (1)
A36,A10,GG,0.829932345443,diagonal-nc-ww,diagonal-nc-ww (4)
A36,A11,GC,0.0587867607603,?W_345BR,?W_345BR (O2'-5)
A36,A11,GC,0.836897271777,WW_cis,WW_cis (20)
A36,A12,GU,0.91459758584,<>,<> (mo-8)
A36,A12,GU,0.0855878302739,?W_345BR,?W_345BR (O4'-5)
A36,A34,GC,0.867258357876,diagonal-nc-ww,diagonal-nc-ww (5)
A36,A35,GA,0.998191510585,<<,<< (mo-7)
A36,A35,GA,0.709754207461,diagonal-c,diagonal-c (5)
A36,A35,GA,0.059811111084,?H_0BPh,?H_0BPh (OP2-1)
A36,A35,GA,0.181001797631,?H_0BR,?H_0BR (O3'-1)
A36,A37,GU,1.0,base-ribose-stacking,base-ribose-stacking
A36,A37,GU,0.990253628935,>>,>> (mo-11)
A37,A9,UG,0.614560236945,SW_tran,SW_tran (7)
A37,A11,UC,0.12747616128,?WW_cis,?WW_cis (f16)
A37,A11,UC,0.174633527793,?SW_cis,?SW_cis (f14)
A37,A11,UC,0.69260652095,diagonal-nc-ww,diagonal-nc-ww (5)
A37,A36,UG,0.116462462363,?H_789BPh,?H_789BPh (O5'-5)
A37,A36,UG,0.991076328235,<<,<< (mo-3)
A37,A36,UG,0.216389316338,?H_0BR,?H_0BR (O3'-1)
A37,A38,UC,1.0,base-ribose-stacking,base-ribose-stacking
A37,A38,UC,0.976454601535,>>,>> (mo-2)
A37,A51,UG,0.970246866241,diagonal-nc-ww,diagonal-nc-ww (1)
A38,A9,CG,0.473919154584,?diagonal-nc-ww,?diagonal-nc-ww (1)
A38,A9,CG,0.114197241456,?<<,?<< (fuzzy-1)
A38,A37,CU,0.184302801479,?H_789BPh,?H_789BPh (O5'-5)
A38,A37,CU,0.972279109525,<<,<< (mo-2)
A38,A37,CU,0.0716182073508,?H_0BR,?H_0BR (O3'-1)
A38,A39,CA,0.807032635686,>>,>> (relaxed-n12cc-9)
A38,A39,CA,0.86959030022,diagonal-c,diagonal-c (3)
A38,A50,CU,0.988559242478,diagonal-nc-ww,diagonal-nc-ww (1)
A38,A51,CG,0.919091531164,WW_cis,WW_cis (27)
A39,A38,AC,0.0540776203651,?H_0BR,?H_0BR (O3'-1)
A39,A38,AC,0.891179351284,<<,<< (relaxed-n12cc-11)
A39,A38,AC,0.579303477126,diagonal-c,diagonal-c (5)
A39,A38,AC,0.175061734643,?HW_cis,?HW_cis (f5)
A39,A38,AC,0.00748347642481,?H_0BPh,?H_0BPh (O5'-1)
A39,A40,AG,0.973821642586,>>,>> (mo-11)
A39,A49,AC,0.0618333293735,?WW_cis,?WW_cis (f13)
A39,A49,AC,0.990508343228,diagonal-nc-ww,diagonal-nc-ww (3)
A39,A50,AU,0.855807434006,WW_cis,WW_cis (4)
A39,A51,AG,0.962527530673,<>,<> (mo-12)
A40,A39,GA,0.987311496581,<<,<< (mo-8)
A40,A39,GA,0.0451547292299,?H_0BPh,?H_0BPh (O5'-5)
A40,A39,GA,0.152699064438,?H_0BR,?H_0BR (O3'-1)
A40,A41,GU,0.987368191378,>>,>> (mo-7)
A40,A48,GA,0.236663614605,?WW_cis,?WW_cis (f10)
A40,A48,GA,0.994859346264,diagonal-nc-ww,diagonal-nc-ww (4)
A40,A48,GA,0.165303822937,?><,?>< (fuzzy-1)
A40,A49,GC,0.860215389365,WW_cis,WW_cis (4)
A40,A50,GU,0.0671172298361,?W_345BR,?W_345BR (O4'-5)
A40,A50,GU,0.433380790457,?<>,?<> (fuzzy-13)
A41,A40,UG,0.0344675659466,?H_789BPh,?H_789BPh (O5'-5)
A41,A40,UG,0.979521730381,<<,<< (mo-13)
A41,A40,UG,0.23298976662,?H_0BR,?H_0BR (O3'-1)
A41,A42,UC,0.428074619851,?diagonal-c,?diagonal-c (1)
A41,A42,UC,0.975630722439,>>,>> (mo-14)
A41,A47,UG,0.996107319429,diagonal-nc-ww,diagonal-nc-ww (4)
A41,A48,UA,0.936328685065,WW_cis,WW_cis (3)
A41,A49,UC,0.802161364333,diagonal-nc-ww,diagonal-nc-ww (5)
A42,A41,CU,0.983180456616,<<,<< (mo-13)
A42,A41,CU,0.0452932575006,?H_0BR,?H_0BR (O3'-1)
A42,A41,CU,0.383122293241,?diagonal-c,?diagonal-c (5)
A42,A43,CG,1.0,base-ribose-stacking,base-ribose-stacking
A42,A43,CG,0.149771911715,?H_0BPh,?H_0BPh (OP2-5)
A42,A43,CG,0.932199506888,>>,>> (relaxed-n12cc-3)
A42,A43,CG,0.505230453848,?diagonal-c,?diagonal-c (1)
A42,A46,CA,0.876278191756,diagonal-nc-ww,diagonal-nc-ww (1)
A42,A47,CG,0.912505189472,WW_cis,WW_cis (12)
A42,A48,CA,0.191577119949,?<>,?<> (fuzzy-2)
A43,A42,GC,0.10538685703,?H_0BR,?H_0BR (O3'-1)
A43,A42,GC,0.98028872462,<<,<< (relaxed-n12cc-4)
A43,A42,GC,0.499823339431,?diagonal-c,?diagonal-c (5)
A43,A42,GC,0.117096326571,?H_0BPh,?H_0BPh (O5'-5)
A43,A42,GC,0.132930911182,?HW_cis,?HW_cis (f13)
A43,A45,GA,0.024366911524,?W_345BR,?W_345BR (O3'-2)
A43,A45,GA,0.0293954019757,?SH_tran,?SH_tran (f16)
A43,A46,GA,0.812670187281,SH_tran,SH_tran (1)
A43,A46,GA,0.982318297602,W_345BPh,W_345BPh (OP2-1)
A43,A47,GG,0.941600989459,<>,<> (mo-16)
A44,A43,AG,0.361988407099,?H_0BR,?H_0BR (O3'-1)
A44,A45,AA,0.977549306685,>>,>> (mo-4)
A45,A43,AG,0.111425689284,?HW_tran,?HW_tran (f14)
A45,A43,AG,0.99254398855,H_789BR,H_789BR (O2'-1)
A45,A43,AG,0.579275511711,diagonal-nc-ww,diagonal-nc-ww (1)
A45,A44,AA,0.984589127042,<<,<< (mo-12)
A45,A44,AA,0.102539484557,?H_0BPh,?H_0BPh (O5'-5)
A45,A44,AA,0.308863068556,?H_0BR,?H_0BR (O3'-4)
A45,A46,AA,1.0,base-ribose-stacking,base-ribose-stacking
A45,A46,AA,0.951154229982,>>,>> (mo-9)
A46,A43,AG,0.822758139764,HS_tran,HS_tran (6)
A46,A45,AA,0.96101119126,<<,<< (mo-11)
A46,A45,AA,0.291501821303,?H_0BR,?H_0BR (O3'-5)
A46,A47,AG,1.0,base-ribose-stacking,base-ribose-stacking
A46,A47,AG,0.96520158317,>>,>> (relaxed-n12cc-13)
A46,A47,AG,0.858382420857,diagonal-c,diagonal-c (5)
A47,A41,GU,0.997623961663,diagonal-nc-ww,diagonal-nc-ww (3)
A47,A42,GC,0.917272823048,WW_cis,WW_cis (1)
A47,A43,GG,0.933259206718,<>,<> (mo-16)
A47,A46,GA,0.951217293146,<<,<< (relaxed-n12cc-11)
A47,A46,GA,0.922848661091,diagonal-c,diagonal-c (5)
A47,A46,GA,0.0241575184629,?H_0BPh,?H_0BPh (O5'-5)
A47,A46,GA,0.195005182931,?H_0BR,?H_0BR (O3'-1)
A47,A48,GA,0.995144396908,>>,>> (mo-5)
A47,A48,GA,0.808406496343,diagonal-c,diagonal-c (5)
A48,A40,AG,0.241859196443,?WW_cis,?WW_cis (f6)
A48,A40,AG,0.997970283672,diagonal-nc-ww,diagonal-nc-ww (5)
A48,A40,AG,0.173097378835,?><,?>< (fuzzy-1)
A48,A41,AU,0.87803441199,WW_cis,WW_cis (4)
A48,A42,AC,0.110174702759,?<>,?<> (fuzzy-1)
A48,A47,AG,0.979886741992,<<,<< (mo-10)
A48,A47,AG,0.208782511504,?H_0BR,?H_0BR (O3'-1)
A48,A47,AG,0.737283744603,diagonal-c,diagonal-c (5)
A48,A49,AC,0.982766862495,>>,>> (mo-5)
A49,A39,CA,0.0513187364114,?WW_cis,?WW_cis (f12)
A49,A39,CA,0.989380296964,diagonal-nc-ww,diagonal-nc-ww (2)
A49,A40,CG,0.961470982576,WW_cis,WW_cis (14)
A49,A41,CU,0.589791440874,diagonal-nc-ww,diagonal-nc-ww (1)
A49,A48,CA,0.980138840074,<<,<< (mo-15)
A49,A48,CA,0.223356186309,?H_0BR,?H_0BR (O2'-1)
A49,A50,CU,1.0,base-ribose-stacking,base-ribose-stacking
A49,A50,CU,0.0587474373704,?H_0BPh,?H_0BPh (NEXT:O3'-5)
A49,A50,CU,0.964081445338,>>,>> (mo-3)
A50,A38,UC,0.995636269419,diagonal-nc-ww,diagonal-nc-ww (3)
A50,A39,UA,0.941431427704,WW_cis,WW_cis (1)
A50,A40,UG,0.388625553495,?<>,?<> (fuzzy-16)
A50,A49,UC,0.00722937608493,?H_789BPh,?H_789BPh (O5'-4)
A50,A49,UC,0.962868519776,<<,<< (mo-7)
A50,A49,UC,0.0642157700607,?H_0BR,?H_0BR (O3'-1)
A50,A51,UG,0.920617405824,>>,>> (relaxed-n12cc-13)
A50,A51,UG,0.701025535711,diagonal-c,diagonal-c (1)
A51,A9,GG,0.829095435937,diagonal-nc-ww,diagonal-nc-ww (1)
A51,A37,GU,0.989841287732,diagonal-nc-ww,diagonal-nc-ww (2)
A51,A38,GC,0.864870921016,WW_cis,WW_cis (5)
A51,A39,GA,0.973731620581,<>,<> (mo-10)
A51,A39,GA,0.00250719550158,?S_1BR,?S_1BR (O4'-1)
A51,A50,GU,0.917548916142,<<,<< (relaxed-n12cc-13)
A51,A50,GU,0.1103614303,?H_0BR,?H_0BR (O2'-5)
A51,A50,GU,0.396654786084,?diagonal-c,?diagonal-c (1)
A53,A5,GU,0.994670598252,diagonal-nc-ww,diagonal-nc-ww (3)
A53,A6,GC,0.140528681216,?W_345BR,?W_345BR (O2'-5)
A53,A6,GC,0.769784442929,WW_cis,WW_cis (19)
A53,A7,GA,0.943169479289,<>,<> (mo-10)
A53,A7,GA,0.0306872414401,?W_345BR,?W_345BR (O4'-3)
A53,A54,GA,0.977079378524,>>,>> (mo-7)
A53,A54,GA,0.802892680957,diagonal-c,diagonal-c (5)
A54,A4,AG,0.991712742335,diagonal-nc-ww,diagonal-nc-ww (2)
A54,A5,AU,0.784636275946,WW_cis,WW_cis (6)
A54,A6,AC,0.181300230331,?SW_2BR,?SW_2BR (O4'-5)
A54,A6,AC,0.0699783385198,?<>,?<> (fuzzy-1)
A54,A53,AG,0.971944295246,<<,<< (mo-9)
A54,A53,AG,0.240217083382,?H_0BR,?H_0BR (O3'-1)
A54,A53,AG,0.752627746813,diagonal-c,diagonal-c (5)
A54,A55,AC,0.980114127588,>>,>> (mo-3)
A55,A3,CA,0.989234816958,diagonal-nc-ww,diagonal-nc-ww (1)
A55,A4,CG,0.842354548428,WW_cis,WW_cis (19)
A55,A5,CU,0.653323841416,diagonal-nc-ww,diagonal-nc-ww (5)
A55,A54,CA,0.975896444771,<<,<< (mo-11)
A55,A54,CA,0.16062459347,?H_0BR,?H_0BR (O3'-1)
A55,A56,CU,0.154147002477,?H_0BPh,?H_0BPh (NEXT:O3'-5)
A55,A56,CU,0.854503933966,>>,>> (mo-14)
A56,A2,UG,0.992472958084,diagonal-nc-ww,diagonal-nc-ww (3)
A56,A3,UA,0.834968115795,WW_cis,WW_cis (9)
A56,A4,UG,0.473402585047,?<>,?<> (fuzzy-12)
A56,A55,UC,0.916800858172,<<,<< (mo-9)
A56,A57,UC,0.944688746242,>>,>> (mo-11)
A57,A2,CG,0.917486246042,WW_cis,WW_cis (7)
A57,A3,CA,0.404028880439,?<>,?<> (fuzzy-13)
A57,A56,CU,0.965342099726,<<,<< (mo-10)
A57,A56,CU,0.115331469183,?H_0BR,?H_0BR (O3'-1)
A57,A58,CC,1.0,base-ribose-stacking,base-ribose-stacking
A57,A58,CC,0.966455147917,>>,>> (mo-1)
A58,A2,CG,0.374577548669,?<>,?<> (fuzzy-1)
A58,A57,CC,0.890600411731,<<,<< (mo-1)
B2,B3,GA,1.0,base-ribose-stacking,base-ribose-stacking
B2,B3,GA,0.984365606619,>>,>> (mo-6)
B2,B3,GA,0.809688991898,diagonal-c,diagonal-c (5)
B2,B56,GU,0.996571021977,diagonal-nc-ww,diagonal-nc-ww (1)
B2,B57,GC,0.814985192863,WW_cis,WW_cis (5)
B2,B58,GC,0.021474261338,?W_345BR,?W_345BR (O4'-5)
B2,B58,GC,0.128485416299,?WS_cis,?WS_cis (f15)
B2,B58,GC,0.319378414345,?<>,?<> (fuzzy-1)
B3,B2,AG,0.962352011631,<<,<< (mo-5)
B3,B2,AG,0.740041013686,diagonal-c,diagonal-c (5)
B3,B2,AG,0.0419557271648,?H_0BPh,?H_0BPh (O5'-1)
B3,B2,AG,0.168517812328,?H_0BR,?H_0BR (O3'-1)
B3,B4,AG,1.0,base-ribose-stacking,base-ribose-stacking
B3,B4,AG,0.982834355998,>>,>> (mo-8)
B3,B4,AG,0.639551740015,diagonal-c,diagonal-c (5)
B3,B55,AC,0.991794424687,diagonal-nc-ww,diagonal-nc-ww (1)
B3,B56,AU,0.871073060361,WW_cis,WW_cis (8)
B3,B57,AC,0.157623472742,?WW_cis,?WW_cis (f5)
B3,B57,AC,0.169902455931,?<>,?<> (fuzzy-5)
B4,B3,GA,0.976849987598,<<,<< (mo-12)
B4,B3,GA,0.761852745434,diagonal-c,diagonal-c (5)
B4,B5,GU,1.0,base-ribose-stacking,base-ribose-stacking
B4,B5,GU,0.992837364465,>>,>> (mo-12)
B4,B53,GG,0.894463631736,diagonal-nc-ww,diagonal-nc-ww (1)
B4,B54,GA,0.188123804593,?WW_cis,?WW_cis (f10)
B4,B54,GA,0.997508124854,diagonal-nc-ww,diagonal-nc-ww (4)
B4,B55,GC,0.0752936665264,?W_345BR,?W_345BR (O2'-5)
B4,B55,GC,0.857996599491,WW_cis,WW_cis (19)
B4,B56,GU,0.0863543932846,?W_345BR,?W_345BR (O4'-5)
B4,B56,GU,0.463777339099,?<>,?<> (fuzzy-10)
B5,B4,UG,0.98103144912,<<,<< (mo-10)
B5,B4,UG,0.215918899959,?H_0BR,?H_0BR (O3'-1)
B5,B6,UC,0.981347364145,>>,>> (mo-4)
B5,B53,UG,0.990781209565,diagonal-nc-ww,diagonal-nc-ww (4)
B5,B54,UA,0.775974507924,WW_cis,WW_cis (19)
B5,B55,UC,0.795186207885,diagonal-nc-ww,diagonal-nc-ww (5)
B6,B5,CU,0.991027577271,<<,<< (mo-4)
B6,B5,CU,0.00555224178352,?H_0BPh,?H_0BPh (O5'-5)
B6,B5,CU,0.0375118321397,?H_0BR,?H_0BR (O3'-1)
B6,B7,CA,0.911339142603,>>,>> (relaxed-n12cc-15)
B6,B7,CA,0.87567571761,diagonal-c,diagonal-c (3)
B6,B53,CG,0.848946598552,WW_cis,WW_cis (24)
B6,B54,CA,0.10654003269,?<>,?<> (fuzzy-3)
B7,B6,AC,0.966373793081,<<,<< (relaxed-n12cc-2)
B7,B6,AC,0.669466082379,diagonal-c,diagonal-c (5)
B7,B6,AC,0.0888744543208,?HW_cis,?HW_cis (f5)
B7,B6,AC,0.118535776546,?H_0BR,?H_0BR (O3'-1)
B7,B8,AU,1.0,base-ribose-stacking,base-ribose-stacking
B7,B8,AU,0.9826214434,>>,>> (mo-10)
B7,B53,AG,0.909157182566,<>,<> (mo-5)
B8,B7,UA,0.983348019053,<<,<< (mo-9)
B8,B7,UA,0.110756593736,?H_0BR,?H_0BR (O3'-1)
B9,B10,GG,0.293183443661,?S_1BPh,?S_1BPh (OP2-1)
B9,B11,GC,0.983561782657,<>,<> (mo-1)
B9,B11,GC,1.0,base-ribose-stacking,base-ribose-stacking
B9,B36,GG,0.815656749507,diagonal-nc-ww,diagonal-nc-ww (4)
B9,B37,GU,0.868340451082,WS_tran,WS_tran (2)
B9,B37,GU,0.018464128921,?W_345BR,?W_345BR (O2'-1)
B9,B38,GC,0.124777422781,?W_345BR,?W_345BR (O4'-3)
B9,B38,GC,1.0,base-ribose-stacking,base-ribose-stacking
B9,B38,GC,0.186185945922,?>>,?>> (fuzzy-1)
B9,B38,GC,0.894712769675,diagonal-nc-ww,diagonal-nc-ww (5)
B10,B11,GC,0.87600706303,diagonal-c,diagonal-c (4)
B10,B11,GC,0.34445177641,?SH_cis,?SH_cis (f3)
B10,B12,GU,0.663421499476,SH_cis,SH_cis (8)
B10,B13,GC,0.802929288884,diagonal-nc-ww,diagonal-nc-ww (1)
B10,B13,GC,0.275489016291,?SW_tran,?SW_tran (f12)
B10,B30,GG,0.989243741688,><,>< (mo-8)
B10,B33,GG,0.962752508663,diagonal-nc-ww,diagonal-nc-ww (1)
B10,B33,GG,0.143582256457,?WH_tran,?WH_tran (f11)
B10,B34,GC,0.789996050028,WW_cis,WW_cis (23)
B10,B36,GG,0.550674267509,diagonal-nc-ww,diagonal-nc-ww (1)
B11,B9,CG,0.954447874487,<>,<> (mo-1)
B11,B9,CG,0.0472917430995,?H_789BR,?H_789BR (O3'-5)
B11,B10,CG,0.334640528513,?HS_cis,?HS_cis (f4)
B11,B10,CG,0.976459572884,H_789BR,H_789BR (O4'-1)
B11,B10,CG,0.458246395695,?diagonal-c,?diagonal-c (1)
B11,B10,CG,0.144927456739,?H_789BPh,?H_789BPh (O5'-5)
B11,B10,CG,0.105810928806,?H_0BPh,?H_0BPh (NEXT:O3'-5)
B11,B12,CU,0.0124525889576,?H_0BPh,?H_0BPh (NEXT:O3'-5)
B11,B12,CU,0.892227811844,>>,>> (mo-5)
B11,B12,CU,0.769025530179,diagonal-c,diagonal-c (5)
B11,B30,CG,0.738431554045,diagonal-nc-ww,diagonal-nc-ww (1)
B11,B35,CA,0.98819365463,diagonal-nc-ww,diagonal-nc-ww (1)
B11,B36,CG,0.948808234764,WW_cis,WW_cis (21)
B11,B37,CU,0.61109159604,diagonal-nc-ww,diagonal-nc-ww (1)
B12,B10,UG,0.139860482027,?H_789BR,?H_789BR (O3'-1)
B12,B10,UG,0.675421195318,HS_cis,HS_cis (8)
B12,B11,UC,0.0771913080622,?H_789BPh,?H_789BPh (NEXT:O3'-1)
B12,B11,UC,0.944592641494,<<,<< (mo-13)
B12,B11,UC,0.415874756564,?diagonal-c,?diagonal-c (1)
B12,B13,UC,0.971797463494,>>,>> (mo-3)
B12,B30,UG,0.854586278795,diagonal-nc-ww,diagonal-nc-ww (3)
B12,B33,UG,0.989180198673,diagonal-nc-ww,diagonal-nc-ww (1)
B12,B35,UA,0.810246817335,WW_cis,WW_cis (22)
B12,B36,UG,0.977439708048,<>,<> (mo-11)
B13,B10,CG,0.744803074347,diagonal-nc-ww,diagonal-nc-ww (5)
B13,B10,CG,0.0515821029063,?H_789BR,?H_789BR (O2'-1)
B13,B10,CG,0.176441266547,?WS_tran,?WS_tran (f11)
B13,B12,CU,0.980580332472,<<,<< (mo-3)
B13,B12,CU,0.00726966966986,?H_0BPh,?H_0BPh (O5'-5)
B13,B14,CA,1.0,base-ribose-stacking,base-ribose-stacking
B13,B14,CA,0.917127363962,>>,>> (relaxed-n12cc-7)
B13,B14,CA,0.85539711721,diagonal-c,diagonal-c (3)
B13,B30,CG,0.176647420463,?WH_tran,?WH_tran (f14)
B13,B32,CU,0.978161777352,diagonal-nc-ww,diagonal-nc-ww (1)
B13,B33,CG,0.92161943535,WW_cis,WW_cis (10)
B13,B34,CC,0.851095898801,diagonal-nc-ww,diagonal-nc-ww (5)
B13,B35,CA,0.313867178216,?<>,?<> (fuzzy-5)
B14,B13,AC,0.0656362545932,?H_0BR,?H_0BR (O3'-1)
B14,B13,AC,0.798114141269,<<,<< (relaxed-n12cc-13)
B14,B13,AC,0.657714244028,diagonal-c,diagonal-c (5)
B14,B13,AC,0.145450486477,?HW_cis,?HW_cis (f5)
B14,B13,AC,0.0305462776414,?H_0BPh,?H_0BPh (O5'-1)
B14,B15,AG,0.968476187894,>>,>> (mo-13)
B14,B15,AG,0.69560122821,diagonal-c,diagonal-c (5)
B14,B30,AG,0.16130815046,?WW_cis,?WW_cis (f14)
B14,B30,AG,0.865612407012,diagonal-nc-ww,diagonal-nc-ww (4)
B14,B32,AU,0.831283619296,WW_cis,WW_cis (4)
B14,B33,AG,0.964704544738,<>,<> (mo-7)
B14,B33,AG,0.0757374394583,?SW_2BR,?SW_2BR (O4'-1)
B15,B14,GA,0.957869477076,<<,<< (mo-9)
B15,B14,GA,0.694833259779,diagonal-c,diagonal-c (5)
B15,B14,GA,0.0388809340589,?H_0BPh,?H_0BPh (O5'-1)
B15,B14,GA,0.122953780022,?H_0BR,?H_0BR (O2'-1)
B15,B16,GG,1.0,base-ribose-stacking,base-ribose-stacking
B15,B16,GG,0.981884366613,>>,>> (mo-1)
B15,B29,GC,0.989926065629,diagonal-nc-ww,diagonal-nc-ww (4)
B15,B31,GC,0.0310522516907,?W_345BR,?W_345BR (O2'-5)
B15,B31,GC,0.862882761729,WW_cis,WW_cis (5)
B15,B32,GU,0.950099458795,<>,<> (mo-5)
B16,B15,GG,0.991927487612,<<,<< (mo-5)
B16,B15,GG,0.200136475959,?H_0BPh,?H_0BPh (O5'-5)
B16,B15,GG,0.195759055012,?H_0BR,?H_0BR (O3'-1)
B16,B17,GG,1.0,base-ribose-stacking,base-ribose-stacking
B16,B17,GG,0.480363588373,?diagonal-c,?diagonal-c (3)
B16,B17,GG,0.984969776459,>>,>> (mo-13)
B16,B28,GC,0.995837642242,diagonal-nc-ww,diagonal-nc-ww (3)
B16,B29,GC,0.0109187342583,?W_345BR,?W_345BR (O2'-5)
B16,B29,GC,0.934578295228,WW_cis,WW_cis (6)
B16,B31,GC,0.12167351204,?SW_cis,?SW_cis (f5)
B16,B31,GC,0.384089991209,?<>,?<> (fuzzy-1)
B17,B16,GG,0.988812960843,<<,<< (mo-6)
B17,B16,GG,0.618417051224,diagonal-c,diagonal-c (3)
B17,B16,GG,0.0498713315478,?H_0BPh,?H_0BPh (O5'-5)
B17,B16,GG,0.126971033448,?H_0BR,?H_0BR (O3'-1)
B17,B18,GC,1.0,base-ribose-stacking,base-ribose-stacking
B17,B18,GC,0.969283698672,>>,>> (mo-1)
B17,B27,GG,0.993732303582,diagonal-nc-ww,diagonal-nc-ww (1)
B17,B28,GC,0.883204077597,WW_cis,WW_cis (5)
B17,B29,GC,0.108734003869,?W_345BR,?W_345BR (O4'-5)
B17,B29,GC,0.372527665669,?<>,?<> (fuzzy-2)
B18,B17,CG,0.980748726294,<<,<< (mo-7)
B18,B19,CU,1.0,base-ribose-stacking,base-ribose-stacking
B18,B19,CU,0.973329837753,>>,>> (mo-2)
B18,B26,CA,0.992978287036,diagonal-nc-ww,diagonal-nc-ww (1)
B18,B27,CG,0.926100466291,WW_cis,WW_cis (14)
B18,B28,CC,0.239062890504,?WW_cis,?WW_cis (f11)
B18,B28,CC,0.765491751508,diagonal-nc-ww,diagonal-nc-ww (5)
B18,B28,CC,0.123119824523,?<>,?<> (fuzzy-1)
B19,B18,UC,0.982674716096,<<,<< (mo-1)
B19,B18,UC,0.217284580018,?H_0BR,?H_0BR (O3'-1)
B19,B20,UG,0.354921415209,?><,?>< (relaxed-n12cc-3)
B19,B20,UG,0.847544280247,diagonal-c,diagonal-c (1)
B19,B26,UA,0.281739801391,?WW_cis,?WW_cis (f27)
B19,B27,UG,0.598088319538,diagonal-nc-ww,diagonal-nc-ww (1)
B19,B27,UG,0.334266638597,?SW_cis,?SW_cis (f8)
B19,B27,UG,0.155091553337,?<>,?<> (fuzzy-1)
B20,B19,GU,0.173887002744,?S_1BR,?S_1BR (O3'-3)
B20,B19,GU,0.0383140237975,?SW_cis,?SW_cis (f8)
B20,B19,GU,0.361091402465,?diagonal-c,?diagonal-c (1)
B20,B19,GU,0.212362828801,?><,?>< (fuzzy-1)
B20,B22,GU,0.186444806042,?H_0BPh,?H_0BPh (OP2-4)
B20,B23,GC,0.965857233495,<>,<> (mo-1)
B20,B24,GG,0.843642667547,HW_tran,HW_tran (6)
B20,B26,GA,0.898960866572,>>,>> (relaxed-n12cc-1)
B21,B22,UU,0.985549232371,<>,<> (mo-4)
B21,B22,UU,0.0410121283442,?H_0BPh,?H_0BPh (NEXT:O3'-1)
B21,B22,UU,0.692189946176,diagonal-c,diagonal-c (1)
B22,B21,UU,0.837035726458,<>,<> (mo-1)
B22,B21,UU,0.058273746234,?H_0BR,?H_0BR (O3'-1)
B22,B21,UU,0.0557064999984,?H_789BR,?H_789BR (O4'-5)
B22,B21,UU,0.617562147203,diagonal-c,diagonal-c (1)
B23,B20,CG,0.941390394419,<>,<> (mo-6)
B23,B20,CG,0.140369608312,?W_6BPh,?W_6BPh (OP2-5)
B23,B20,CG,0.985513362805,H_789BR,H_789BR (O2'-1)
B23,B21,CU,0.00158313072124,?H_789BPh,?H_789BPh (NEXT:O3'-1)
B23,B21,CU,0.00938258970983,?H_789BR,?H_789BR (O3'-1)
B23,B22,CU,0.976673335216,H_789BPh,H_789BPh (OP1-1)
B23,B24,CG,0.368253009017,?<<,?<< (relaxed-n12cc-1)
B23,B24,CG,0.962817436543,diagonal-c,diagonal-c (4)
B24,B20,GG,0.770098095566,WH_tran,WH_tran (2)
B24,B23,GC,1.0,base-ribose-stacking,base-ribose-stacking
B24,B23,GC,0.317658339743,?>>,?>> (fuzzy-1)
B24,B23,GC,0.564732972566,diagonal-c,diagonal-c (1)
B24,B26,GA,1.0,base-ribose-stacking,base-ribose-stacking
B24,B26,GA,0.31791155889,?<>,?<> (relaxed-n12cc-10)
B25,B26,CA,0.122939500503,?H_0BPh,?H_0BPh (NEXT:O3'-5)
B26,B18,AC,0.991287147232,diagonal-nc-ww,diagonal-nc-ww (1)
B26,B19,AU,0.135175676828,?WW_cis,?WW_cis (f28)
B26,B19,AU,0.111625809786,?W_6BR,?W_6BR (O2'-1)
B26,B19,AU,0.118830674342,?HS_tran,?HS_tran (f3)
B26,B20,AG,0.241742320912,?WH_cis,?WH_cis (f11)
B26,B20,AG,0.334122079586,?<<,?<< (fuzzy-1)
B26,B24,AG,0.130148625662,?SS_cis,?SS_cis (f18)
B26,B24,AG,0.947907177063,<>,<> (relaxed-n12cc-2)
B26,B24,AG,0.281384554981,?H_0BR,?H_0BR (O2'-1)
B26,B27,AG,1.0,base-ribose-stacking,base-ribose-stacking
B26,B27,AG,0.973803119553,>>,>> (mo-6)
B26,B27,AG,0.685081801593,diagonal-c,diagonal-c (5)
B27,B17,GG,0.987824061953,diagonal-nc-ww,diagonal-nc-ww (1)
B27,B18,GC,0.905287546677,WW_cis,WW_cis (3)
B27,B19,GU,0.119112985086,?W_345BR,?W_345BR (O4'-5)
B27,B19,GU,0.734355903484,diagonal-nc-ww,diagonal-nc-ww (1)
B27,B19,GU,0.107781286146,?WS_cis,?WS_cis (f12)
B27,B19,GU,0.177083033082,?<>,?<> (fuzzy-1)
B27,B26,GA,0.981327936112,<<,<< (mo-5)
B27,B26,GA,0.799452668113,diagonal-c,diagonal-c (5)
B27,B26,GA,0.111534029063,?H_0BPh,?H_0BPh (O5'-1)
B27,B26,GA,0.220094382303,?H_0BR,?H_0BR (O3'-1)
B27,B28,GC,0.0193500137981,?S_1BR,?S_1BR (O4'-5)
B27,B28,GC,0.977461317682,>>,>> (mo-4)
B28,B16,CG,0.993501424179,diagonal-nc-ww,diagonal-nc-ww (3)
B28,B17,CG,0.936906111114,WW_cis,WW_cis (27)
B28,B18,CC,0.206242608986,?WW_cis,?WW_cis (f12)
B28,B18,CC,0.814440299106,diagonal-nc-ww,diagonal-nc-ww (5)
B28,B18,CC,0.146697974996,?<>,?<> (fuzzy-1)
B28,B27,CG,0.983744796972,<<,<< (mo-15)
B28,B27,CG,0.0336277525601,?H_0BR,?H_0BR (O3'-1)
B28,B29,CC,0.929438594806,>>,>> (mo-6)
B29,B15,CG,0.990820557691,diagonal-nc-ww,diagonal-nc-ww (4)
B29,B16,CG,0.942361960664,WW_cis,WW_cis (5)
B29,B17,CG,0.466083202895,?<>,?<> (fuzzy-10)
B29,B28,CC,0.977501835777,<<,<< (mo-4)
B29,B28,CC,0.112460793254,?H_0BR,?H_0BR (O3'-1)
B29,B30,CG,0.904240522687,long-stacking-c,long-stacking-c (2)
B29,B30,CG,0.113154294668,?H_0BPh,?H_0BPh (OP2-5)
B29,B31,CC,0.695918269797,diagonal-nc-ww,diagonal-nc-ww (1)
B30,B10,GG,0.960491135561,><,>< (mo-2)
B30,B11,GC,0.850785387575,diagonal-nc-ww,diagonal-nc-ww (3)
B30,B12,GU,0.943748673351,diagonal-nc-ww,diagonal-nc-ww (1)
B30,B13,GC,0.212701707748,?HW_tran,?HW_tran (f16)
B30,B14,GA,0.00299154669808,?WW_cis,?WW_cis (f11)
B30,B14,GA,0.73134705137,diagonal-nc-ww,diagonal-nc-ww (1)
B30,B29,GC,0.92887776002,long-stacking-c,long-stacking-c (4)
B30,B31,GC,0.919841663157,diagonal-c,diagonal-c (5)
B30,B32,GU,0.028172904392,?WH_cis,?WH_cis (f1)
B30,B32,GU,0.428003956189,?<<,?<< (fuzzy-5)
B30,B32,GU,0.110142538865,?S_1BPh,?S_1BPh (O5'-1)
B30,B33,GG,0.883976967001,WH_cis,WH_cis (6)
B30,B33,GG,0.172751335812,?S_1BPh,?S_1BPh (OP2-5)
B30,B34,GC,0.865397353539,diagonal-nc-ww,diagonal-nc-ww (1)
B30,B34,GC,0.033518462511,?WW_tran,?WW_tran (f15)
B31,B15,CG,0.894017959126,diagonal-nc-ww,diagonal-nc-ww (5)
B31,B15,CG,0.898496463476,WW_cis,WW_cis (3)
B31,B16,CG,0.233925750294,?<>,?<> (fuzzy-1)
B31,B29,CC,0.70328898334,diagonal-nc-ww,diagonal-nc-ww (1)
B31,B30,CG,0.286335406781,?H_789BPh,?H_789BPh (O5'-5)
B31,B30,CG,0.968522428272,H_789BR,H_789BR (O4'-1)
B31,B30,CG,0.575991830876,diagonal-c,diagonal-c (1)
B31,B32,CU,0.0629460796303,?H_0BPh,?H_0BPh (NEXT:O3'-5)
B31,B32,CU,0.82768325229,>>,>> (mo-1)
B32,B13,UC,0.980822130935,diagonal-nc-ww,diagonal-nc-ww (4)
B32,B14,UA,0.904803192685,WW_cis,WW_cis (1)
B32,B15,UG,0.955704857116,<>,<> (mo-7)
B32,B30,UG,0.273963474763,?H_789BR,?H_789BR (O4'-1)
B32,B30,UG,0.598432063685,>>,>> (relaxed-n12cc-1)
B32,B31,UC,0.934864730874,<<,<< (mo-16)
B32,B31,UC,0.0531414366913,?H_0BR,?H_0BR (O2'-1)
B32,B33,UG,0.371450039495,?>>,?>> (more-relaxed-n12cc-1)
B32,B33,UG,0.69950973761,diagonal-c,diagonal-c (1)
B33,B10,GG,0.187297638548,?HW_tran,?HW_tran (f11)
B33,B10,GG,0.869362983278,diagonal-nc-ww,diagonal-nc-ww (5)
B33,B13,GC,0.890167907864,WW_cis,WW_cis (7)
B33,B14,GA,0.962655246513,<>,<> (mo-15)
B33,B30,GG,0.83097812972,HW_cis,HW_cis (15)
B33,B32,GU,0.585641551351,<<,<< (more-relaxed-n12cc-1)
B33,B32,GU,0.382019254857,?diagonal-c,?diagonal-c (1)
B33,B32,GU,0.00386899510721,?H_0BPh,?H_0BPh (O5'-1)
B33,B32,GU,0.105594151078,?H_0BR,?H_0BR (O2'-5)
B33,B34,GC,1.0,base-ribose-stacking,base-ribose-stacking
B33,B34,GC,0.875491053708,>>,>> (mo-16)
B33,B35,GA,0.919303815416,diagonal-nc-ww,diagonal-nc-ww (1)
B33,B35,GA,0.00334743278134,?WH_cis,?WH_cis (f10)
B33,B35,GA,0.338717120578,?>>,?>> (fuzzy-9)
B34,B10,CG,0.843055055228,WW_cis,WW_cis (7)
B34,B13,CC,0.631010141434,diagonal-nc-ww,diagonal-nc-ww (5)
B34,B30,CG,0.801133872865,diagonal-nc-ww,diagonal-nc-ww (1)
B34,B32,CU,0.00151197871682,?H_789BR,?H_789BR (O3'-1)
B34,B33,CG,0.87707702783,<<,<< (mo-1)
B34,B33,CG,0.978322980453,H_789BPh,H_789BPh (OP2-1)
B34,B33,CG,1.0,base-ribose-stacking,base-ribose-stacking
B34,B33,CG,0.252344058171,?H_0BR,?H_0BR (O3'-4)
B34,B35,CA,0.634627570297,SH_cis,SH_cis (2)
B34,B53,CG,0.0365674517327,?H_789BPh,?H_789BPh (OP2-1)
B35,B11,AC,0.975648941211,diagonal-nc-ww,diagonal-nc-ww (1)
B35,B12,AU,0.775846307476,WW_cis,WW_cis (15)
B35,B13,AC,0.0765900326349,?SW_2BR,?SW_2BR (O4'-5)
B35,B13,AC,0.0797097972969,?<>,?<> (fuzzy-1)
B35,B33,AG,0.835886367833,diagonal-nc-ww,diagonal-nc-ww (4)
B35,B33,AG,0.30920634705,?<<,?<< (fuzzy-1)
B35,B33,AG,0.0998360527747,?HW_cis,?HW_cis (f14)
B35,B34,AC,0.315532909638,?H_0BR,?H_0BR (O3'-5)
B35,B34,AC,0.648598861884,HS_cis,HS_cis (2)
B35,B36,AG,1.0,base-ribose-stacking,base-ribose-stacking
B35,B36,AG,0.97891592501,>>,>> (mo-4)
B36,B9,GG,0.971000472773,diagonal-nc-ww,diagonal-nc-ww (1)
B36,B10,GG,0.833934165999,diagonal-nc-ww,diagonal-nc-ww (4)
B36,B11,GC,0.836629835926,WW_cis,WW_cis (17)
B36,B12,GU,0.944400135893,<>,<> (mo-8)
B36,B34,GC,0.873785606835,diagonal-nc-ww,diagonal-nc-ww (5)
B36,B35,GA,0.984513691227,<<,<< (mo-10)
B36,B35,GA,0.204556902233,?H_0BPh,?H_0BPh (O5'-5)
B36,B35,GA,0.2147744267,?H_0BR,?H_0BR (O3'-1)
B36,B37,GU,1.0,base-ribose-stacking,base-ribose-stacking
B36,B37,GU,0.989909656183,>>,>> (mo-7)
B37,B9,UG,0.848198124,SW_tran,SW_tran (4)
B37,B11,UC,0.609814459886,diagonal-nc-ww,diagonal-nc-ww (5)
B37,B36,UG,0.324945078051,?H_789BPh,?H_789BPh (O5'-5)
B37,B36,UG,0.993108914268,<<,<< (mo-1)
B37,B36,UG,0.334961595682,?H_0BR,?H_0BR (O3'-5)
B37,B38,UC,0.980842314889,>>,>> (mo-2)
B37,B51,UG,0.980887571969,diagonal-nc-ww,diagonal-nc-ww (2)
B38,B9,CG,0.469470169062,?diagonal-nc-ww,?diagonal-nc-ww (1)
B38,B9,CG,0.058783050627,?<<,?<< (fuzzy-1)
B38,B37,CU,0.247425255371,?H_789BPh,?H_789BPh (O5'-5)
B38,B37,CU,0.987258032155,<<,<< (mo-3)
B38,B37,CU,0.141895870646,?H_0BR,?H_0BR (O3'-1)
B38,B39,CA,0.944529563276,>>,>> (mo-16)
B38,B39,CA,0.853237734163,diagonal-c,diagonal-c (3)
B38,B50,CU,0.99319088876,diagonal-nc-ww,diagonal-nc-ww (1)
B38,B51,CG,0.888985526924,WW_cis,WW_cis (19)
B39,B9,AG,0.105565934715,?H_0BPh,?H_0BPh (OP1-4)
B39,B38,AC,0.860584081998,<<,<< (mo-16)
B39,B38,AC,0.556638096346,diagonal-c,diagonal-c (5)
B39,B38,AC,0.0617717700503,?H_0BPh,?H_0BPh (O5'-1)
B39,B38,AC,0.1433637641,?H_0BR,?H_0BR (O3'-1)
B39,B40,AG,0.985087741737,>>,>> (mo-13)
B39,B40,AG,0.703943422929,diagonal-c,diagonal-c (5)
B39,B49,AC,0.0935662919222,?WW_cis,?WW_cis (f11)
B39,B49,AC,0.998093286075,diagonal-nc-ww,diagonal-nc-ww (2)
B39,B50,AU,0.897039162008,WW_cis,WW_cis (9)
B39,B51,AG,0.966419937289,<>,<> (mo-16)
B39,B51,AG,0.0330755955106,?SW_2BR,?SW_2BR (O4'-1)
B40,B39,GA,0.97109000997,<<,<< (mo-11)
B40,B39,GA,0.678786828532,diagonal-c,diagonal-c (5)
B40,B39,GA,0.0487234978997,?H_0BPh,?H_0BPh (O5'-5)
B40,B39,GA,0.124026579188,?H_0BR,?H_0BR (O3'-1)
B40,B41,GU,1.0,base-ribose-stacking,base-ribose-stacking
B40,B41,GU,0.986123667045,>>,>> (mo-6)
B40,B48,GA,0.248864052909,?WW_cis,?WW_cis (f10)
B40,B48,GA,0.993358136239,diagonal-nc-ww,diagonal-nc-ww (4)
B40,B48,GA,0.157021013022,?><,?>< (fuzzy-1)
B40,B49,GC,0.000298417850881,?W_345BR,?W_345BR (O2'-5)
B40,B49,GC,0.904770670219,WW_cis,WW_cis (1)
B40,B50,GU,0.448359409183,?<>,?<> (fuzzy-14)
B41,B40,UG,0.985124014466,<<,<< (mo-9)
B41,B40,UG,0.19510889756,?H_0BR,?H_0BR (O3'-1)
B41,B42,UC,0.428648017796,?diagonal-c,?diagonal-c (1)
B41,B42,UC,0.967237514036,>>,>> (mo-13)
B41,B47,UG,0.994766090774,diagonal-nc-ww,diagonal-nc-ww (4)
B41,B48,UA,0.926505731561,WW_cis,WW_cis (3)
B41,B49,UC,0.808388180927,diagonal-nc-ww,diagonal-nc-ww (5)
B42,B41,CU,0.95663717973,<<,<< (mo-11)
B42,B41,CU,0.0599195276983,?H_0BR,?H_0BR (O3'-1)
B42,B41,CU,0.382486980243,?diagonal-c,?diagonal-c (5)
B42,B43,CG,1.0,base-ribose-stacking,base-ribose-stacking
B42,B43,CG,0.147904908805,?H_0BPh,?H_0BPh (OP2-5)
B42,B43,CG,0.929324162671,>>,>> (relaxed-n12cc-4)
B42,B43,CG,0.500936126642,?diagonal-c,?diagonal-c (1)
B42,B46,CA,0.863441426905,diagonal-nc-ww,diagonal-nc-ww (1)
B42,B47,CG,0.931442572565,WW_cis,WW_cis (12)
B42,B48,CA,0.2265090163,?<>,?<> (fuzzy-3)
B43,B42,GC,0.0969457856981,?H_0BR,?H_0BR (O3'-1)
B43,B42,GC,0.976339982588,<<,<< (relaxed-n12cc-4)
B43,B42,GC,0.506364578348,?diagonal-c,?diagonal-c (5)
B43,B42,GC,0.117879910928,?HW_cis,?HW_cis (f13)
B43,B42,GC,0.120416550477,?H_0BPh,?H_0BPh (O5'-5)
B43,B45,GA,0.00689368953754,?W_345BPh,?W_345BPh (O5'-1)
B43,B45,GA,0.0905380766539,?SH_tran,?SH_tran (f16)
B43,B45,GA,0.0230716356813,?W_345BR,?W_345BR (O3'-3)
B43,B46,GA,0.536233950135,?diagonal-nc-ww,?diagonal-nc-ww (1)
B43,B46,GA,0.787804098627,SH_tran,SH_tran (1)
B43,B46,GA,0.984290383095,W_345BPh,W_345BPh (OP2-1)
B43,B47,GG,0.812135355014,<>,<> (mo-16)
B44,B43,AG,0.4136154721,?H_0BR,?H_0BR (O3'-4)
B44,B45,AA,0.97789248054,>>,>> (mo-8)
B45,B43,AG,0.108695145957,?HW_tran,?HW_tran (f14)
B45,B43,AG,0.991252503999,H_789BR,H_789BR (O2'-1)
B45,B43,AG,0.594383646999,diagonal-nc-ww,diagonal-nc-ww (1)
B45,B44,AA,0.968184247303,H_0BR,H_0BR (O3'-1)
B45,B44,AA,0.98543905123,<<,<< (mo-13)
B45,B44,AA,0.0890661201465,?H_0BPh,?H_0BPh (O5'-5)
B45,B46,AA,1.0,base-ribose-stacking,base-ribose-stacking
B45,B46,AA,0.972808406376,>>,>> (mo-9)
B46,B42,AC,0.858042954061,diagonal-nc-ww,diagonal-nc-ww (1)
B46,B43,AG,0.828196822197,HS_tran,HS_tran (6)
B46,B43,AG,0.0204100279959,?H_789BR,?H_789BR (O2'-1)
B46,B45,AA,0.958729081382,<<,<< (mo-10)
B46,B45,AA,0.00695259587767,?H_0BPh,?H_0BPh (O5'-5)
B46,B45,AA,0.199308511194,?H_0BR,?H_0BR (O3'-1)
B46,B47,AG,1.0,base-ribose-stacking,base-ribose-stacking
B46,B47,AG,0.922727896611,>>,>> (relaxed-n12cc-12)
B46,B47,AG,0.837520424241,diagonal-c,diagonal-c (5)
B47,B41,GU,0.987704216141,diagonal-nc-ww,diagonal-nc-ww (4)
B47,B42,GC,0.903754201297,WW_cis,WW_cis (2)
B47,B43,GG,0.843110731138,<>,<> (mo-16)
B47,B46,GA,0.955611901211,<<,<< (relaxed-n12cc-10)
B47,B46,GA,0.950177164998,diagonal-c,diagonal-c (5)
B47,B46,GA,0.0653679439551,?H_0BPh,?H_0BPh (O5'-5)
B47,B46,GA,0.146988794066,?H_0BR,?H_0BR (O3'-1)
B47,B48,GA,0.987879046992,>>,>> (mo-4)
B47,B48,GA,0.808786704866,diagonal-c,diagonal-c (5)
B48,B40,AG,0.24970662805,?WW_cis,?WW_cis (f6)
B48,B40,AG,0.995529526677,diagonal-nc-ww,diagonal-nc-ww (5)
B48,B40,AG,0.170417513479,?><,?>< (fuzzy-1)
B48,B41,AU,0.906778425592,WW_cis,WW_cis (15)
B48,B42,AC,0.133994194212,?<>,?<> (fuzzy-5)
B48,B47,AG,0.965329871659,<<,<< (mo-12)
B48,B47,AG,0.213174283397,?H_0BR,?H_0BR (O3'-1)
B48,B47,AG,0.755946942295,diagonal-c,diagonal-c (5)
B48,B49,AC,0.982190683654,>>,>> (mo-4)
B49,B39,CA,0.0444157727785,?WW_cis,?WW_cis (f12)
B49,B39,CA,0.9944178924,diagonal-nc-ww,diagonal-nc-ww (3)
B49,B40,CG,0.894328083815,WW_cis,WW_cis (1)
B49,B41,CU,0.593026568121,diagonal-nc-ww,diagonal-nc-ww (1)
B49,B48,CA,0.977679102113,<<,<< (mo-11)
B49,B48,CA,0.182584433041,?H_0BR,?H_0BR (O3'-1)
B49,B50,CU,0.0796652306874,?H_0BPh,?H_0BPh (NEXT:O3'-5)
B49,B50,CU,0.966090268585,>>,>> (mo-8)
B50,B38,UC,0.994809225339,diagonal-nc-ww,diagonal-nc-ww (4)
B50,B39,UA,0.892937473441,WW_cis,WW_cis (1)
B50,B40,UG,0.414674479577,?<>,?<> (fuzzy-16)
B50,B49,UC,0.961542223825,<<,<< (mo-11)
B50,B49,UC,0.0925871055825,?H_0BR,?H_0BR (O3'-1)
B50,B51,UG,0.969199583341,>>,>> (relaxed-n12cc-10)
B50,B51,UG,0.710206728096,diagonal-c,diagonal-c (1)
B51,B38,GC,0.827329705004,WW_cis,WW_cis (5)
B51,B39,GA,0.990777729296,<>,<> (mo-5)
B51,B50,GU,0.915141302212,<<,<< (relaxed-n12cc-12)
B51,B50,GU,0.410577125414,?diagonal-c,?diagonal-c (1)
B51,B50,GU,0.00417884838555,?H_0BPh,?H_0BPh (O5'-1)
B51,B50,GU,0.0912047854554,?H_0BR,?H_0BR (O3'-1)
B53,B5,GU,0.996336932125,diagonal-nc-ww,diagonal-nc-ww (2)
B53,B6,GC,0.0969618339055,?W_345BR,?W_345BR (O2'-5)
B53,B6,GC,0.765792230262,WW_cis,WW_cis (1)
B53,B7,GA,0.942880567727,<>,<> (mo-12)
B53,B54,GA,0.968102499205,>>,>> (mo-5)
B53,B54,GA,0.83619407617,diagonal-c,diagonal-c (5)
B54,B4,AG,0.204237298987,?WW_cis,?WW_cis (f6)
B54,B4,AG,0.993774095929,diagonal-nc-ww,diagonal-nc-ww (4)
B54,B5,AU,0.814772564551,WW_cis,WW_cis (16)
B54,B6,AC,0.023162826512,?WW_cis,?WW_cis (f5)
B54,B6,AC,0.120681763587,?<>,?<> (fuzzy-5)
B54,B6,AC,0.0581164096268,?SW_2BR,?SW_2BR (O4'-5)
B54,B53,AG,0.971665539884,<<,<< (mo-10)
B54,B53,AG,0.221264603293,?H_0BR,?H_0BR (O3'-1)
B54,B53,AG,0.743797242383,diagonal-c,diagonal-c (5)
B54,B55,AC,1.0,base-ribose-stacking,base-ribose-stacking
B54,B55,AC,0.980841714994,>>,>> (mo-9)
B55,B3,CA,0.980990650009,diagonal-nc-ww,diagonal-nc-ww (1)
B55,B4,CG,0.85362878703,WW_cis,WW_cis (4)
B55,B5,CU,0.526750739578,?diagonal-nc-ww,?diagonal-nc-ww (1)
B55,B54,CA,0.0391830666674,?H_789BPh,?H_789BPh (O5'-5)
B55,B54,CA,0.986483696716,<<,<< (mo-6)
B55,B54,CA,0.201950855272,?H_0BR,?H_0BR (O3'-1)
B55,B56,CU,0.0435981862833,?H_0BPh,?H_0BPh (NEXT:O3'-5)
B55,B56,CU,0.822912661607,>>,>> (mo-9)
B55,B56,CU,0.882268490531,diagonal-c,diagonal-c (5)
B56,B2,UG,0.994164977346,diagonal-nc-ww,diagonal-nc-ww (2)
B56,B3,UA,0.912770700499,WW_cis,WW_cis (2)
B56,B4,UG,0.644582347945,<>,<> (relaxed-n12cc-7)
B56,B55,UC,0.942066421522,<<,<< (mo-16)
B56,B55,UC,0.100670431934,?H_0BR,?H_0BR (O3'-1)
B56,B55,UC,0.390709283065,?diagonal-c,?diagonal-c (1)
B56,B57,UC,0.960323815489,>>,>> (mo-5)
B57,B2,CG,0.896925075367,WW_cis,WW_cis (19)
B57,B3,CA,0.0781760285958,?<>,?<> (fuzzy-7)
B57,B56,CU,0.977647221711,<<,<< (mo-5)
B57,B58,CC,0.980708988817,>>,>> (mo-3)
B58,B2,CG,0.380352168594,?<>,?<> (fuzzy-1)
B58,B57,CC,0.95348780803,<<,<< (mo-3)
B58,B57,CC,0.186536077583,?H_0BR,?H_0BR (O3'-1)
