#S,Loop id,PDB,Disc,#Non-core,Annotation,Chain(s),Standardized name,Unnamed: 8,1,Unnamed: 10,2,Unnamed: 12,3,Unnamed: 14,4,Unnamed: 16,5,1-5,2-3,2-4,1-4
1,HL_3IGI_009,3IGI,0.604,1,Other HL,A,Group IIC intron,C,368,G,369,A,371,C,372,G,373,cWW 1.00,nbp 1.00,tSW 1.00,nbp 1.00
3,HL_6OL3_001,6OL3,0.586,2,Other HL,C,VA RNA,G,64,A,66,C,68,C,69,C,70,cWW 1.00,tSW 0.67,nbp 1.00,nbp 1.00
4,HL_8VMB_001,8VMB,0.1362,2,Fab BL3-6 binding hairpin with tSW,R,RNA (83-MER),G,18,A,20,C,22,A,23,C,24,cWW 1.00,nbp 1.00,tSW 0.67,nbp 0.83
5,HL_8T29_001,8T29,0.129,2,Fab BL3-6 binding hairpin with tSW,R,RNA (90-MER),G,35,A,37,C,39,A,40,C,41,cWW 1.00,nbp 1.00,tSW 1.00,nbp 0.83
6,HL_8DP3_001,8DP3,0.1171,2,Fab BL3-6 binding hairpin with tSW,R,RNA (90-MER),G,20,A,22,C,24,A,25,C,26,cWW 1.00,nbp 1.00,tSW 0.83,nbp 0.83
7,HL_8VMA_003,8VMA,0.1616,2,Fab BL3-6 binding hairpin with tSW,C,RNA (88-MER),G,60,A,62,C,64,A,65,C,66,cWW 1.00,nbp 1.00,tSW 1.00,nbp 0.83
8,HL_7MLX_002,7MLX,0.1341,2,Fab BL3-6 binding hairpin with tSW,R,RNA (65-MER),G,40,A,42,C,44,A,45,C,46,cWW 1.00,nbp 1.00,tSW 1.00,nbp 1.00
9,HL_8D29_001,8D29,0.091,2,Fab BL3-6 binding hairpin with tSW,C,RNA (34-MER),G,13,A,15,C,17,A,18,C,19,cWW 1.00,nbp 1.00,tSW 1.00,nbp 1.00
10,HL_6X5M_002,6X5M,0.1201,2,Fab BL3-6 binding hairpin with tSW,r,ggPAN RNA (39-MER),G,14,A,16,C,18,A,19,C,20,cWW 0.83,nbp 1.00,tSW 0.83,nbp 1.00
11,HL_7SZU_001,7SZU,0.1419,2,Fab BL3-6 binding hairpin with tSW,R,RNA aptamer,G,35,A,37,C,39,A,40,C,41,cWW 1.00,nbp 1.00,tSW 1.00,nbp 1.00
12,HL_8UIW_001,8UIW,0.1278,2,Fab BL3-6 binding hairpin with tSW,N,yjdF RNA (R. gauvreauii),G,29,A,31,C,33,A,34,C,35,cWW 1.00,nbp 1.00,tSW 0.67,nbp 1.00
13,HL_8DK7_001,8DK7,0.0634,2,Fab BL3-6 binding hairpin with tSW,C,RNA (34-MER),G,13,A,15,C,17,A,18,C,19,cWW 1.00,nbp 1.00,tSW 1.00,nbp 1.00
14,HL_9AUS_002,9AUS,0.0711,2,Fab BL3-6 binding hairpin with tSW,R,Loop-closed dumbbell RNA bridged by glycine,G,5,A,7,C,9,A,10,C,11,cWW 1.00,nbp 1.00,tSW 1.00,nbp 1.00
15,HL_4KZD_001,4KZD,0.0489,2,Fab BL3-6 binding hairpin with tSW,R,RNA (84-MER),G,37,A,39,C,41,A,42,C,43,cWW 1.00,nbp 1.00,tSW 1.00,nbp 1.00
16,HL_8VM8_003,8VM8,0.0526,2,Fab BL3-6 binding hairpin with tSW,R,RNA (93-MER),G,63,A,65,C,67,A,68,C,69,cWW 1.00,nbp 1.00,tSW 1.00,nbp 1.00
17,HL_8D29_003,8D29,0.0378,2,Fab BL3-6 binding hairpin with tSW,J,RNA (34-MER),G,13,A,15,C,17,A,18,C,19,cWW 1.00,nbp 1.00,tSW 1.00,nbp 1.00
18,HL_8D29_002,8D29,0.0,2,Fab BL3-6 binding hairpin with tSW,F,RNA (34-MER),G,13,A,15,C,17,A,18,C,19,cWW 1.00,nbp 1.00,tSW 1.00,nbp 1.00
19,HL_6DB9_001,6DB9,0.0421,2,Fab BL3-6 binding hairpin with tSW,R,RNA (60-MER),G,23,A,25,C,27,A,28,C,29,cWW 1.00,nbp 1.00,tSW 1.00,nbp 1.00
20,HL_8VM9_006,8VM9,0.0561,2,Fab BL3-6 binding hairpin with tSW,R,RNA (85-MER),G,57,A,59,C,61,A,62,C,63,cWW 1.00,nbp 1.00,tSW 0.83,nbp 1.00
21,HL_9DN4_002,9DN4,0.0651,2,,F,RNA (20-mer),G,8,A,10,C,12,A,13,C,14,cWW 1.00,nbp 1.00,tSW 1.00,nbp 1.00
22,HL_3IVK_003,3IVK,0.082,2,Fab BL3-6 binding hairpin with tSW,M,class I ligase product,G,59,A,61,C,63,A,64,C,65,cWW 1.00,nbp 1.00,tSW 1.00,nbp 1.00
